PERMNO,date,TICKER,COMNAM,PRC,VOL,RET
10000,01/06/1986,,,,,
10000,01/07/1986,OMFGA,OPTIMUM MANUFACTURING INC,-2.56250,1000,C
10000,01/08/1986,OMFGA,OPTIMUM MANUFACTURING INC,-2.50000,12800,-0.024390
10000,01/09/1986,OMFGA,OPTIMUM MANUFACTURING INC,-2.50000,1400,0.000000
10000,01/10/1986,OMFGA,OPTIMUM MANUFACTURING INC,-2.50000,8500,0.000000
10000,01/13/1986,OMFGA,OPTIMUM MANUFACTURING INC,-2.62500,5450,0.050000
10000,01/14/1986,OMFGA,OPTIMUM MANUFACTURING INC,-2.75000,2075,0.047619
10000,01/15/1986,OMFGA,OPTIMUM MANUFACTURING INC,-2.87500,22490,0.045455
10000,01/16/1986,OMFGA,OPTIMUM MANUFACTURING INC,-3.00000,10900,0.043478
10000,01/17/1986,OMFGA,OPTIMUM MANUFACTURING INC,-3.00000,8470,0.000000
10000,01/20/1986,OMFGA,OPTIMUM MANUFACTURING INC,-3.00000,1000,0.000000
10000,01/21/1986,OMFGA,OPTIMUM MANUFACTURING INC,-3.00000,1000,0.000000
10000,01/22/1986,OMFGA,OPTIMUM MANUFACTURING INC,-3.00000,2700,0.000000
10000,01/23/1986,OMFGA,OPTIMUM MANUFACTURING INC,-3.75000,24000,0.250000
10000,01/24/1986,OMFGA,OPTIMUM MANUFACTURING INC,-4.18750,11372,0.116667
10000,01/27/1986,OMFGA,OPTIMUM MANUFACTURING INC,-4.43750,16570,0.059701
10000,01/28/1986,OMFGA,OPTIMUM MANUFACTURING INC,-4.43750,9600,0.000000
10000,01/29/1986,OMFGA,OPTIMUM MANUFACTURING INC,-4.31250,24505,-0.028169
10000,01/30/1986,OMFGA,OPTIMUM MANUFACTURING INC,-4.43750,8600,0.028986
10000,01/31/1986,OMFGA,OPTIMUM MANUFACTURING INC,-4.37500,4650,-0.014085
10000,02/03/1986,OMFGA,OPTIMUM MANUFACTURING INC,-4.37500,3700,0.000000
10000,02/04/1986,OMFGA,OPTIMUM MANUFACTURING INC,-4.37500,1500,0.000000
10000,02/05/1986,OMFGA,OPTIMUM MANUFACTURING INC,-4.37500,500,0.000000
10000,02/06/1986,OMFGA,OPTIMUM MANUFACTURING INC,-4.18750,2000,-0.042857
10000,02/07/1986,OMFGA,OPTIMUM MANUFACTURING INC,-4.37500,9300,0.044776
10000,02/10/1986,OMFGA,OPTIMUM MANUFACTURING INC,-4.31250,2000,-0.014286
10000,02/11/1986,OMFGA,OPTIMUM MANUFACTURING INC,-4.31250,5500,0.000000
10000,02/12/1986,OMFGA,OPTIMUM MANUFACTURING INC,-4.21875,2500,-0.021739
10000,02/13/1986,OMFGA,OPTIMUM MANUFACTURING INC,-4.21875,500,0.000000
10000,02/14/1986,OMFGA,OPTIMUM MANUFACTURING INC,-4.28125,800,0.014815
10000,02/18/1986,OMFGA,OPTIMUM MANUFACTURING INC,-4.00000,7300,-0.065693
10000,02/19/1986,OMFGA,OPTIMUM MANUFACTURING INC,-3.93750,14000,-0.015625
10000,02/20/1986,OMFGA,OPTIMUM MANUFACTURING INC,-3.68750,4000,-0.063492
10000,02/21/1986,OMFGA,OPTIMUM MANUFACTURING INC,-3.68750,3000,0.000000
10000,02/24/1986,OMFGA,OPTIMUM MANUFACTURING INC,-3.62500,3300,-0.016949
10000,02/25/1986,OMFGA,OPTIMUM MANUFACTURING INC,-3.56250,500,-0.017241
10000,02/26/1986,OMFGA,OPTIMUM MANUFACTURING INC,-3.25000,7200,-0.087719
10000,02/27/1986,OMFGA,OPTIMUM MANUFACTURING INC,-3.25000,12300,0.000000
10000,02/28/1986,OMFGA,OPTIMUM MANUFACTURING INC,-3.25000,2900,0.000000
10000,03/03/1986,OMFGA,OPTIMUM MANUFACTURING INC,-3.25000,2200,0.000000
10000,03/04/1986,OMFGA,OPTIMUM MANUFACTURING INC,-3.43750,10045,0.057692
10000,03/05/1986,OMFGA,OPTIMUM MANUFACTURING INC,-3.46875,10800,0.009091
10000,03/06/1986,OMFGA,OPTIMUM MANUFACTURING INC,-3.87500,13355,0.117117
10000,03/07/1986,OMFGA,OPTIMUM MANUFACTURING INC,-4.43750,27625,0.145161
10000,03/10/1986,OMFGA,OPTIMUM MANUFACTURING INC,-4.18750,7500,-0.056338
10000,03/11/1986,OMFGA,OPTIMUM MANUFACTURING INC,-4.31250,1400,0.029851
10000,03/12/1986,OMFGA,OPTIMUM MANUFACTURING INC,-4.31250,1400,0.000000
10000,03/13/1986,OMFGA,OPTIMUM MANUFACTURING INC,-4.43750,7000,0.028986
10000,03/14/1986,OMFGA,OPTIMUM MANUFACTURING INC,-4.43750,2300,0.000000
10000,03/17/1986,OMFGA,OPTIMUM MANUFACTURING INC,-4.43750,500,0.000000
10000,03/18/1986,OMFGA,OPTIMUM MANUFACTURING INC,-4.43750,1766,0.000000
10000,03/19/1986,OMFGA,OPTIMUM MANUFACTURING INC,-4.43750,1500,0.000000
10000,03/20/1986,OMFGA,OPTIMUM MANUFACTURING INC,-4.43750,3950,0.000000
10000,03/21/1986,OMFGA,OPTIMUM MANUFACTURING INC,-4.43750,3840,0.000000
10000,03/24/1986,OMFGA,OPTIMUM MANUFACTURING INC,-4.43750,500,0.000000
10000,03/25/1986,OMFGA,OPTIMUM MANUFACTURING INC,-4.43750,6220,0.000000
10000,03/26/1986,OMFGA,OPTIMUM MANUFACTURING INC,-4.43750,1900,0.000000
10000,03/27/1986,OMFGA,OPTIMUM MANUFACTURING INC,-4.40625,2000,-0.007042
10000,03/31/1986,OMFGA,OPTIMUM MANUFACTURING INC,-4.43750,2000,0.007092
10000,04/01/1986,OMFGA,OPTIMUM MANUFACTURING INC,-4.31250,530,-0.028169
10000,04/02/1986,OMFGA,OPTIMUM MANUFACTURING INC,-4.31250,1600,0.000000
10000,04/03/1986,OMFGA,OPTIMUM MANUFACTURING INC,-4.31250,4500,0.000000
10000,04/04/1986,OMFGA,OPTIMUM MANUFACTURING INC,-4.31250,22500,0.000000
10000,04/07/1986,OMFGA,OPTIMUM MANUFACTURING INC,-4.25000,3000,-0.014493
10000,04/08/1986,OMFGA,OPTIMUM MANUFACTURING INC,-4.12500,7000,-0.029412
10000,04/09/1986,OMFGA,OPTIMUM MANUFACTURING INC,-4.21875,4900,0.022727
10000,04/10/1986,OMFGA,OPTIMUM MANUFACTURING INC,-4.15625,3000,-0.014815
10000,04/11/1986,OMFGA,OPTIMUM MANUFACTURING INC,-4.12500,17000,-0.007519
10000,04/14/1986,OMFGA,OPTIMUM MANUFACTURING INC,-4.09375,1900,-0.007576
10000,04/15/1986,OMFGA,OPTIMUM MANUFACTURING INC,-4.09375,2890,0.000000
10000,04/16/1986,OMFGA,OPTIMUM MANUFACTURING INC,-4.09375,1800,0.000000
10000,04/17/1986,OMFGA,OPTIMUM MANUFACTURING INC,-4.06250,6310,-0.007634
10000,04/18/1986,OMFGA,OPTIMUM MANUFACTURING INC,-4.06250,2450,0.000000
10000,04/21/1986,OMFGA,OPTIMUM MANUFACTURING INC,-4.06250,250,0.000000
10000,04/22/1986,OMFGA,OPTIMUM MANUFACTURING INC,-4.06250,350,0.000000
10000,04/23/1986,OMFGA,OPTIMUM MANUFACTURING INC,-4.06250,3100,0.000000
10000,04/24/1986,OMFGA,OPTIMUM MANUFACTURING INC,-4.06250,1000,0.000000
10000,04/25/1986,OMFGA,OPTIMUM MANUFACTURING INC,-4.06250,8550,0.000000
10000,04/28/1986,OMFGA,OPTIMUM MANUFACTURING INC,-4.09375,1500,0.007692
10000,04/29/1986,OMFGA,OPTIMUM MANUFACTURING INC,-4.06250,500,-0.007634
10000,04/30/1986,OMFGA,OPTIMUM MANUFACTURING INC,-4.00000,1070,-0.015385
10000,05/01/1986,OMFGA,OPTIMUM MANUFACTURING INC,-4.00000,1000,0.000000
10000,05/02/1986,OMFGA,OPTIMUM MANUFACTURING INC,-3.96875,3500,-0.007813
10000,05/05/1986,OMFGA,OPTIMUM MANUFACTURING INC,-3.89063,500,-0.019685
10000,05/06/1986,OMFGA,OPTIMUM MANUFACTURING INC,-3.81250,3500,-0.020080
10000,05/07/1986,OMFGA,OPTIMUM MANUFACTURING INC,-3.75000,2300,-0.016393
10000,05/08/1986,OMFGA,OPTIMUM MANUFACTURING INC,-3.75000,28100,0.000000
10000,05/09/1986,OMFGA,OPTIMUM MANUFACTURING INC,-3.78125,4500,0.008333
10000,05/12/1986,OMFGA,OPTIMUM MANUFACTURING INC,-4.21875,10406,0.115702
10000,05/13/1986,OMFGA,OPTIMUM MANUFACTURING INC,-4.09375,2950,-0.029630
10000,05/14/1986,OMFGA,OPTIMUM MANUFACTURING INC,-4.15625,4900,0.015267
10000,05/15/1986,OMFGA,OPTIMUM MANUFACTURING INC,-4.03125,1800,-0.030075
10000,05/16/1986,OMFGA,OPTIMUM MANUFACTURING INC,-3.96875,2370,-0.015504
10000,05/19/1986,OMFGA,OPTIMUM MANUFACTURING INC,-3.87500,1770,-0.023622
10000,05/20/1986,OMFGA,OPTIMUM MANUFACTURING INC,-3.87500,1366,0.000000
10000,05/21/1986,OMFGA,OPTIMUM MANUFACTURING INC,-3.65625,18800,-0.056452
10000,05/22/1986,OMFGA,OPTIMUM MANUFACTURING INC,-3.43750,4000,-0.059829
10000,05/23/1986,OMFGA,OPTIMUM MANUFACTURING INC,-3.46875,1100,0.009091
10000,05/27/1986,OMFGA,OPTIMUM MANUFACTURING INC,-3.46875,3700,0.000000
10000,05/28/1986,OMFGA,OPTIMUM MANUFACTURING INC,-3.34375,1800,-0.036036
10000,05/29/1986,OMFGA,OPTIMUM MANUFACTURING INC,-3.06250,2000,-0.084112
10000,05/30/1986,OMFGA,OPTIMUM MANUFACTURING INC,-3.10938,7000,0.015306
10000,06/02/1986,OMFGA,OPTIMUM MANUFACTURING INC,-3.10938,2400,0.000000
10000,06/03/1986,OMFGA,OPTIMUM MANUFACTURING INC,-3.18750,14250,0.025126
10000,06/04/1986,OMFGA,OPTIMUM MANUFACTURING INC,-3.29688,13400,0.034314
10000,06/05/1986,OMFGA,OPTIMUM MANUFACTURING INC,-3.25000,1000,-0.014218
10000,06/06/1986,OMFGA,OPTIMUM MANUFACTURING INC,-3.25000,1000,0.000000
10000,06/09/1986,OMFGA,OPTIMUM MANUFACTURING INC,-3.17188,1000,-0.024038
10000,06/10/1986,OMFGA,OPTIMUM MANUFACTURING INC,-3.01563,3600,-0.049261
10000,06/11/1986,OMFGA,OPTIMUM MANUFACTURING INC,-2.93750,7350,-0.025907
10000,06/12/1986,OMFGA,OPTIMUM MANUFACTURING INC,-2.90625,1790,-0.010638
10000,06/13/1986,OMFGA,OPTIMUM MANUFACTURING INC,-2.96875,11640,0.021505
10000,06/16/1986,OMFGA,OPTIMUM MANUFACTURING INC,-2.96875,1500,0.000000
10000,06/17/1986,OMFGA,OPTIMUM MANUFACTURING INC,-2.93750,7000,-0.010526
10000,06/18/1986,OMFGA,OPTIMUM MANUFACTURING INC,-2.93750,500,0.000000
10000,06/19/1986,OMFGA,OPTIMUM MANUFACTURING INC,-2.93750,11592,0.000000
10000,06/20/1986,OMFGA,OPTIMUM MANUFACTURING INC,-3.06250,10000,0.042553
10000,06/23/1986,OMFGA,OPTIMUM MANUFACTURING INC,-3.06250,0,0.000000
10000,06/24/1986,OMFGA,OPTIMUM MANUFACTURING INC,-3.06250,6790,0.000000
10000,06/25/1986,OMFGA,OPTIMUM MANUFACTURING INC,-3.06250,1900,0.000000
10000,06/26/1986,OMFGA,OPTIMUM MANUFACTURING INC,-3.06250,4150,0.000000
10000,06/27/1986,OMFGA,OPTIMUM MANUFACTURING INC,-3.06250,0,0.000000
10000,06/30/1986,OMFGA,OPTIMUM MANUFACTURING INC,-3.09375,6000,0.010204
10000,07/01/1986,OMFGA,OPTIMUM MANUFACTURING INC,-3.15625,1500,0.020202
10000,07/02/1986,OMFGA,OPTIMUM MANUFACTURING INC,-3.21875,11500,0.019802
10000,07/03/1986,OMFGA,OPTIMUM MANUFACTURING INC,-3.43750,7200,0.067961
10000,07/07/1986,OMFGA,OPTIMUM MANUFACTURING INC,-3.18750,10540,-0.072727
10000,07/08/1986,OMFGA,OPTIMUM MANUFACTURING INC,-3.09375,7750,-0.029412
10000,07/09/1986,OMFGA,OPTIMUM MANUFACTURING INC,-2.87500,3900,-0.070707
10000,07/10/1986,OMFGA,OPTIMUM MANUFACTURING INC,-2.87500,5000,0.000000
10000,07/11/1986,OMFGA,OPTIMUM MANUFACTURING INC,-2.90625,200,0.010870
10000,07/14/1986,OMFGA,OPTIMUM MANUFACTURING INC,-2.81250,1000,-0.032258
10000,07/15/1986,OMFGA,OPTIMUM MANUFACTURING INC,-2.81250,0,0.000000
10000,07/16/1986,OMFGA,OPTIMUM MANUFACTURING INC,-3.14063,11500,0.116667
10000,07/17/1986,OMFGA,OPTIMUM MANUFACTURING INC,-3.04688,2500,-0.029851
10000,07/18/1986,OMFGA,OPTIMUM MANUFACTURING INC,-3.03125,9950,-0.005128
10000,07/21/1986,OMFGA,OPTIMUM MANUFACTURING INC,-3.03125,6850,0.000000
10000,07/22/1986,OMFGA,OPTIMUM MANUFACTURING INC,-2.93750,2500,-0.030928
10000,07/23/1986,OMFGA,OPTIMUM MANUFACTURING INC,-2.90625,4550,-0.010638
10000,07/24/1986,OMFGA,OPTIMUM MANUFACTURING INC,-2.90625,2890,0.000000
10000,07/25/1986,OMFGA,OPTIMUM MANUFACTURING INC,-2.78125,1000,-0.043011
10000,07/28/1986,OMFGA,OPTIMUM MANUFACTURING INC,-2.78125,0,0.000000
10000,07/29/1986,OMFGA,OPTIMUM MANUFACTURING INC,-2.64063,6875,-0.050562
10000,07/30/1986,OMFGA,OPTIMUM MANUFACTURING INC,-2.59375,4100,-0.017751
10000,07/31/1986,OMFGA,OPTIMUM MANUFACTURING INC,-2.84375,15000,0.096386
10000,08/01/1986,OMFGA,OPTIMUM MANUFACTURING INC,-2.62500,2900,-0.076923
10000,08/04/1986,OMFGA,OPTIMUM MANUFACTURING INC,-2.62500,300,0.000000
10000,08/05/1986,OMFGA,OPTIMUM MANUFACTURING INC,-2.37500,4000,-0.095238
10000,08/06/1986,OMFGA,OPTIMUM MANUFACTURING INC,-2.37500,4175,0.000000
10000,08/07/1986,OMFGA,OPTIMUM MANUFACTURING INC,-2.37500,2700,0.000000
10000,08/08/1986,OMFGA,OPTIMUM MANUFACTURING INC,-2.40625,5150,0.013158
10000,08/11/1986,OMFGA,OPTIMUM MANUFACTURING INC,-2.34375,2230,-0.025974
10000,08/12/1986,OMFGA,OPTIMUM MANUFACTURING INC,-2.34375,1900,0.000000
10000,08/13/1986,OMFGA,OPTIMUM MANUFACTURING INC,-2.21875,3085,-0.053333
10000,08/14/1986,OMFGA,OPTIMUM MANUFACTURING INC,-1.96875,7000,-0.112676
10000,08/15/1986,OMFGA,OPTIMUM MANUFACTURING INC,-1.87500,78600,-0.047619
10000,08/18/1986,OMFGA,OPTIMUM MANUFACTURING INC,-1.59375,20300,-0.150000
10000,08/19/1986,OMFGA,OPTIMUM MANUFACTURING INC,-1.03125,34366,-0.352941
10000,08/20/1986,OMFGA,OPTIMUM MANUFACTURING INC,-1.03125,40700,0.000000
10000,08/21/1986,OMFGA,OPTIMUM MANUFACTURING INC,-1.21875,46700,0.181818
10000,08/22/1986,OMFGA,OPTIMUM MANUFACTURING INC,-1.21875,32500,0.000000
10000,08/25/1986,OMFGA,OPTIMUM MANUFACTURING INC,-1.21875,2800,0.000000
10000,08/26/1986,OMFGA,OPTIMUM MANUFACTURING INC,-1.15625,2900,-0.051282
10000,08/27/1986,OMFGA,OPTIMUM MANUFACTURING INC,-1.15625,1300,0.000000
10000,08/28/1986,OMFGA,OPTIMUM MANUFACTURING INC,-1.09375,8300,-0.054054
10000,08/29/1986,OMFGA,OPTIMUM MANUFACTURING INC,-1.09375,3000,0.000000
10000,09/02/1986,OMFGA,OPTIMUM MANUFACTURING INC,-1.03125,18650,-0.057143
10000,09/03/1986,OMFGA,OPTIMUM MANUFACTURING INC,-1.06250,26000,0.030303
10000,09/04/1986,OMFGA,OPTIMUM MANUFACTURING INC,-1.06250,18416,0.000000
10000,09/05/1986,OMFGA,OPTIMUM MANUFACTURING INC,-1.15625,42100,0.088235
10000,09/08/1986,OMFGA,OPTIMUM MANUFACTURING INC,-1.21875,35960,0.054054
10000,09/09/1986,OMFGA,OPTIMUM MANUFACTURING INC,-1.28125,15465,0.051282
10000,09/10/1986,OMFGA,OPTIMUM MANUFACTURING INC,-1.21875,11050,-0.048780
10000,09/11/1986,OMFGA,OPTIMUM MANUFACTURING INC,-1.09375,10200,-0.102564
10000,09/12/1986,OMFGA,OPTIMUM MANUFACTURING INC,-1.09375,3700,0.000000
10000,09/15/1986,OMFGA,OPTIMUM MANUFACTURING INC,-1.09375,6100,0.000000
10000,09/16/1986,OMFGA,OPTIMUM MANUFACTURING INC,-1.03125,3700,-0.057143
10000,09/17/1986,OMFGA,OPTIMUM MANUFACTURING INC,-1.03125,3000,0.000000
10000,09/18/1986,OMFGA,OPTIMUM MANUFACTURING INC,-1.00000,12000,-0.030303
10000,09/19/1986,OMFGA,OPTIMUM MANUFACTURING INC,-1.00000,1800,0.000000
10000,09/22/1986,OMFGA,OPTIMUM MANUFACTURING INC,-1.00000,7100,0.000000
10000,09/23/1986,OMFGA,OPTIMUM MANUFACTURING INC,-0.96875,8400,-0.031250
10000,09/24/1986,OMFGA,OPTIMUM MANUFACTURING INC,-0.96875,3000,0.000000
10000,09/25/1986,OMFGA,OPTIMUM MANUFACTURING INC,-1.00000,23300,0.032258
10000,09/26/1986,OMFGA,OPTIMUM MANUFACTURING INC,-1.09375,79184,0.093750
10000,09/29/1986,OMFGA,OPTIMUM MANUFACTURING INC,-1.01563,7500,-0.071429
10000,09/30/1986,OMFGA,OPTIMUM MANUFACTURING INC,-1.03125,18475,0.015385
10000,10/01/1986,OMFGA,OPTIMUM MANUFACTURING INC,-1.03125,6500,0.000000
10000,10/02/1986,OMFGA,OPTIMUM MANUFACTURING INC,-1.03125,4000,0.000000
10000,10/03/1986,OMFGA,OPTIMUM MANUFACTURING INC,-1.03125,25000,0.000000
10000,10/06/1986,OMFGA,OPTIMUM MANUFACTURING INC,-1.03125,6900,0.000000
10000,10/07/1986,OMFGA,OPTIMUM MANUFACTURING INC,-0.96875,4000,-0.060606
10000,10/08/1986,OMFGA,OPTIMUM MANUFACTURING INC,-0.93750,7450,-0.032258
10000,10/09/1986,OMFGA,OPTIMUM MANUFACTURING INC,-0.78125,14625,-0.166667
10000,10/10/1986,OMFGA,OPTIMUM MANUFACTURING INC,-0.78125,10000,0.000000
10000,10/13/1986,OMFGA,OPTIMUM MANUFACTURING INC,-0.75000,7900,-0.040000
10000,10/14/1986,OMFGA,OPTIMUM MANUFACTURING INC,-0.75000,4000,0.000000
10000,10/15/1986,OMFGA,OPTIMUM MANUFACTURING INC,-0.78125,34500,0.041667
10000,10/16/1986,OMFGA,OPTIMUM MANUFACTURING INC,-0.84375,5146,0.080000
10000,10/17/1986,OMFGA,OPTIMUM MANUFACTURING INC,-0.81250,6300,-0.037037
10000,10/20/1986,OMFGA,OPTIMUM MANUFACTURING INC,-0.78125,0,-0.038462
10000,10/21/1986,OMFGA,OPTIMUM MANUFACTURING INC,-0.78125,1500,0.000000
10000,10/22/1986,OMFGA,OPTIMUM MANUFACTURING INC,-0.78125,1000,0.000000
10000,10/23/1986,OMFGA,OPTIMUM MANUFACTURING INC,-0.78125,1800,0.000000
10000,10/24/1986,OMFGA,OPTIMUM MANUFACTURING INC,-0.78125,12500,0.000000
10000,10/27/1986,OMFGA,OPTIMUM MANUFACTURING INC,-0.78125,2000,0.000000
10000,10/28/1986,OMFGA,OPTIMUM MANUFACTURING INC,-0.78125,5200,0.000000
10000,10/29/1986,OMFGA,OPTIMUM MANUFACTURING INC,-0.78125,0,0.000000
10000,10/30/1986,OMFGA,OPTIMUM MANUFACTURING INC,-0.78125,0,0.000000
10000,10/31/1986,OMFGA,OPTIMUM MANUFACTURING INC,-0.78125,30000,0.000000
10000,11/03/1986,OMFGA,OPTIMUM MANUFACTURING INC,-0.71875,12850,-0.080000
10000,11/04/1986,OMFGA,OPTIMUM MANUFACTURING INC,-0.71875,850,0.000000
10000,11/05/1986,OMFGA,OPTIMUM MANUFACTURING INC,-0.71875,27000,0.000000
10000,11/06/1986,OMFGA,OPTIMUM MANUFACTURING INC,-0.71875,1200,0.000000
10000,11/07/1986,OMFGA,OPTIMUM MANUFACTURING INC,-0.71875,500,0.000000
10000,11/10/1986,OMFGA,OPTIMUM MANUFACTURING INC,-0.71875,4067,0.000000
10000,11/11/1986,OMFGA,OPTIMUM MANUFACTURING INC,-0.71875,10450,0.000000
10000,11/12/1986,OMFGA,OPTIMUM MANUFACTURING INC,-0.71875,22500,0.000000
10000,11/13/1986,OMFGA,OPTIMUM MANUFACTURING INC,-0.75000,8000,0.043478
10000,11/14/1986,OMFGA,OPTIMUM MANUFACTURING INC,-0.75000,600,0.000000
10000,11/17/1986,OMFGA,OPTIMUM MANUFACTURING INC,-0.75000,5000,0.000000
10000,11/18/1986,OMFGA,OPTIMUM MANUFACTURING INC,-0.78125,7800,0.041667
10000,11/19/1986,OMFGA,OPTIMUM MANUFACTURING INC,-0.75000,6000,-0.040000
10000,11/20/1986,OMFGA,OPTIMUM MANUFACTURING INC,-0.82813,68700,0.104167
10000,11/21/1986,OMFGA,OPTIMUM MANUFACTURING INC,-0.84375,1200,0.018868
10000,11/24/1986,OMFGA,OPTIMUM MANUFACTURING INC,-0.84375,8500,0.000000
10000,11/25/1986,OMFGA,OPTIMUM MANUFACTURING INC,-0.82813,23850,-0.018519
10000,11/26/1986,OMFGA,OPTIMUM MANUFACTURING INC,-0.82813,2221,0.000000
10000,11/28/1986,OMFGA,OPTIMUM MANUFACTURING INC,-0.82813,0,0.000000
10000,12/01/1986,OMFGA,OPTIMUM MANUFACTURING INC,-0.82813,4300,0.000000
10000,12/02/1986,OMFGA,OPTIMUM MANUFACTURING INC,-0.82813,3750,0.000000
10000,12/03/1986,OMFGA,OPTIMUM MANUFACTURING INC,-0.81250,2275,-0.018868
10000,12/04/1986,OMFGA,OPTIMUM MANUFACTURING INC,-0.75000,7000,-0.076923
10000,12/05/1986,OMFGA,OPTIMUM MANUFACTURING INC,-0.75000,11200,0.000000
10000,12/08/1986,OMFGA,OPTIMUM MANUFACTURING INC,-0.75000,0,0.000000
10000,12/09/1986,OMFGA,OPTIMUM MANUFACTURING INC,-0.71875,13400,-0.041667
10000,12/10/1986,OMFGA,OPTIMUM MANUFACTURING INC,-0.67188,5750,-0.065217
10000,12/11/1986,OMFGA,OPTIMUM MANUFACTURING INC,-0.65625,9860,-0.023256
10000,12/12/1986,OMFGA,OPTIMUM MANUFACTURING INC,-0.59375,90580,-0.095238
10000,12/15/1986,OMFGA,OPTIMUM MANUFACTURING INC,-0.64063,24500,0.078947
10000,12/16/1986,OMFGA,OPTIMUM MANUFACTURING INC,-0.62500,3000,-0.024390
10000,12/17/1986,OMFGA,OPTIMUM MANUFACTURING INC,-0.56250,15000,-0.100000
10000,12/18/1986,OMFGA,OPTIMUM MANUFACTURING INC,-0.56250,500,0.000000
10000,12/19/1986,OMFGA,OPTIMUM MANUFACTURING INC,-0.53125,1500,-0.055556
10000,12/22/1986,OMFGA,OPTIMUM MANUFACTURING INC,-0.50000,12640,-0.058824
10000,12/23/1986,OMFGA,OPTIMUM MANUFACTURING INC,-0.50000,100300,0.000000
10000,12/24/1986,OMFGA,OPTIMUM MANUFACTURING INC,-0.50000,1640,0.000000
10000,12/26/1986,OMFGA,OPTIMUM MANUFACTURING INC,-0.46875,800,-0.062500
10000,12/29/1986,OMFGA,OPTIMUM MANUFACTURING INC,-0.46875,0,0.000000
10000,12/30/1986,OMFGA,OPTIMUM MANUFACTURING INC,-0.51563,12500,0.100000
10000,12/31/1986,OMFGA,OPTIMUM MANUFACTURING INC,-0.51563,1000,0.000000
10000,01/02/1987,OMFGA,OPTIMUM MANUFACTURING INC,-0.51563,0,0.000000
10000,01/05/1987,OMFGA,OPTIMUM MANUFACTURING INC,-0.46875,15400,-0.090909
10000,01/06/1987,OMFGA,OPTIMUM MANUFACTURING INC,-0.46875,7200,0.000000
10000,01/07/1987,OMFGA,OPTIMUM MANUFACTURING INC,-0.46875,0,0.000000
10000,01/08/1987,OMFGA,OPTIMUM MANUFACTURING INC,-0.46875,7900,0.000000
10000,01/09/1987,OMFGA,OPTIMUM MANUFACTURING INC,-0.46875,1000,0.000000
10000,01/12/1987,OMFGA,OPTIMUM MANUFACTURING INC,-0.46875,0,0.000000
10000,01/13/1987,OMFGA,OPTIMUM MANUFACTURING INC,-0.46875,0,0.000000
10000,01/14/1987,OMFGA,OPTIMUM MANUFACTURING INC,-0.46875,0,0.000000
10000,01/15/1987,OMFGA,OPTIMUM MANUFACTURING INC,-0.46875,3100,0.000000
10000,01/16/1987,OMFGA,OPTIMUM MANUFACTURING INC,-0.46875,500,0.000000
10000,01/19/1987,OMFGA,OPTIMUM MANUFACTURING INC,-0.46875,0,0.000000
10000,01/20/1987,OMFGA,OPTIMUM MANUFACTURING INC,-0.46875,0,0.000000
10000,01/21/1987,OMFGA,OPTIMUM MANUFACTURING INC,-0.46875,1850,0.000000
10000,01/22/1987,OMFGA,OPTIMUM MANUFACTURING INC,-0.46875,4850,0.000000
10000,01/23/1987,OMFGA,OPTIMUM MANUFACTURING INC,-0.46875,22000,0.000000
10000,01/26/1987,OMFGA,OPTIMUM MANUFACTURING INC,-0.42188,110000,-0.100000
10000,01/27/1987,OMFGA,OPTIMUM MANUFACTURING INC,-0.40625,0,-0.037037
10000,01/28/1987,OMFGA,OPTIMUM MANUFACTURING INC,-0.40625,0,0.000000
10000,01/29/1987,OMFGA,OPTIMUM MANUFACTURING INC,-0.40625,650,0.000000
10000,01/30/1987,OMFGA,OPTIMUM MANUFACTURING INC,-0.40625,900,0.000000
10000,02/02/1987,OMFGA,OPTIMUM MANUFACTURING INC,-0.40625,400,0.000000
10000,02/03/1987,OMFGA,OPTIMUM MANUFACTURING INC,-0.40625,1000,0.000000
10000,02/04/1987,OMFGA,OPTIMUM MANUFACTURING INC,-0.40625,1000,0.000000
10000,02/05/1987,OMFGA,OPTIMUM MANUFACTURING INC,-0.40625,0,0.000000
10000,02/06/1987,OMFGA,OPTIMUM MANUFACTURING INC,-0.40625,3061,0.000000
10000,02/09/1987,OMFGA,OPTIMUM MANUFACTURING INC,-0.40625,7661,0.000000
10000,02/10/1987,OMFGA,OPTIMUM MANUFACTURING INC,-0.40625,8100,0.000000
10000,02/11/1987,OMFGA,OPTIMUM MANUFACTURING INC,-0.40625,0,0.000000
10000,02/12/1987,OMFGA,OPTIMUM MANUFACTURING INC,-0.40625,60,0.000000
10000,02/13/1987,OMFGA,OPTIMUM MANUFACTURING INC,-0.40625,0,0.000000
10000,02/17/1987,OMFGA,OPTIMUM MANUFACTURING INC,-0.40625,500,0.000000
10000,02/18/1987,OMFGA,OPTIMUM MANUFACTURING INC,-0.40625,0,0.000000
10000,02/19/1987,OMFGA,OPTIMUM MANUFACTURING INC,-0.43750,1000,0.076923
10000,02/20/1987,OMFGA,OPTIMUM MANUFACTURING INC,-0.43750,5450,0.000000
10000,02/23/1987,OMFGA,OPTIMUM MANUFACTURING INC,-0.43750,0,0.000000
10000,02/24/1987,OMFGA,OPTIMUM MANUFACTURING INC,-0.43750,0,0.000000
10000,02/25/1987,OMFGA,OPTIMUM MANUFACTURING INC,-0.43750,0,0.000000
10000,02/26/1987,OMFGA,OPTIMUM MANUFACTURING INC,-0.43750,0,0.000000
10000,02/27/1987,OMFGA,OPTIMUM MANUFACTURING INC,-0.40625,11000,-0.071429
10000,03/02/1987,OMFGA,OPTIMUM MANUFACTURING INC,-0.37500,10000,-0.076923
10000,03/03/1987,OMFGA,OPTIMUM MANUFACTURING INC,-0.37500,0,0.000000
10000,03/04/1987,OMFGA,OPTIMUM MANUFACTURING INC,-0.37500,0,0.000000
10000,03/05/1987,OMFGA,OPTIMUM MANUFACTURING INC,-0.35938,4500,-0.041667
10000,03/06/1987,OMFGA,OPTIMUM MANUFACTURING INC,-0.35938,400,0.000000
10000,03/09/1987,OMFGA,OPTIMUM MANUFACTURING INC,-0.35938,10000,0.000000
10000,03/10/1987,OMFGA,OPTIMUM MANUFACTURING INC,-0.39063,1000,0.086957
10000,03/11/1987,OMFGA,OPTIMUM MANUFACTURING INC,-0.39063,0,0.000000
10000,03/12/1987,OMFGA,OPTIMUM MANUFACTURING INC,-0.39063,0,0.000000
10000,03/13/1987,OMFGA,OPTIMUM MANUFACTURING INC,-0.40625,0,0.040000
10000,03/16/1987,OMFGA,OPTIMUM MANUFACTURING INC,-0.40625,0,0.000000
10000,03/17/1987,OMFGA,OPTIMUM MANUFACTURING INC,-0.39063,10000,-0.038462
10000,03/18/1987,OMFGA,OPTIMUM MANUFACTURING INC,-0.39063,11000,0.000000
10000,03/19/1987,OMFGA,OPTIMUM MANUFACTURING INC,-0.34375,20730,-0.120000
10000,03/20/1987,OMFGA,OPTIMUM MANUFACTURING INC,-0.34375,1000,0.000000
10000,03/23/1987,OMFGA,OPTIMUM MANUFACTURING INC,-0.34375,0,0.000000
10000,03/24/1987,OMFGA,OPTIMUM MANUFACTURING INC,-0.32813,10300,-0.045455
10000,03/25/1987,OMFGA,OPTIMUM MANUFACTURING INC,-0.34375,1000,0.047619
10000,03/26/1987,OMFGA,OPTIMUM MANUFACTURING INC,-0.28125,14500,-0.181818
10000,03/27/1987,OMFGA,OPTIMUM MANUFACTURING INC,-0.28125,8500,0.000000
10000,03/30/1987,OMFGA,OPTIMUM MANUFACTURING INC,-0.28125,200,0.000000
10000,03/31/1987,OMFGA,OPTIMUM MANUFACTURING INC,-0.25000,8000,-0.111111
10000,04/01/1987,OMFGA,OPTIMUM MANUFACTURING INC,-0.23438,6000,-0.062500
10000,04/02/1987,OMFGA,OPTIMUM MANUFACTURING INC,-0.23438,0,0.000000
10000,04/03/1987,OMFGA,OPTIMUM MANUFACTURING INC,-0.23438,0,0.000000
10000,04/06/1987,OMFGA,OPTIMUM MANUFACTURING INC,-0.23438,1500,0.000000
10000,04/07/1987,OMFGA,OPTIMUM MANUFACTURING INC,-0.23438,300,0.000000
10000,04/08/1987,OMFGA,OPTIMUM MANUFACTURING INC,-0.23438,15930,0.000000
10000,04/09/1987,OMFGA,OPTIMUM MANUFACTURING INC,-0.23438,80,0.000000
10000,04/10/1987,OMFGA,OPTIMUM MANUFACTURING INC,-0.23438,0,0.000000
10000,04/13/1987,OMFGA,OPTIMUM MANUFACTURING INC,-0.23438,500,0.000000
10000,04/14/1987,OMFGA,OPTIMUM MANUFACTURING INC,-0.23438,500,0.000000
10000,04/15/1987,OMFGA,OPTIMUM MANUFACTURING INC,-0.23438,1400,0.000000
10000,04/16/1987,OMFGA,OPTIMUM MANUFACTURING INC,-0.23438,0,0.000000
10000,04/20/1987,OMFGA,OPTIMUM MANUFACTURING INC,-0.21875,62500,-0.066667
10000,04/21/1987,OMFGA,OPTIMUM MANUFACTURING INC,-0.20313,0,-0.071429
10000,04/22/1987,OMFGA,OPTIMUM MANUFACTURING INC,-0.20313,0,0.000000
10000,04/23/1987,OMFGA,OPTIMUM MANUFACTURING INC,-0.20313,0,0.000000
10000,04/24/1987,OMFGA,OPTIMUM MANUFACTURING INC,-0.20313,0,0.000000
10000,04/27/1987,OMFGA,OPTIMUM MANUFACTURING INC,-0.20313,834,0.000000
10000,04/28/1987,OMFGA,OPTIMUM MANUFACTURING INC,-0.20313,500,0.000000
10000,04/29/1987,OMFGA,OPTIMUM MANUFACTURING INC,-0.20313,9750,0.000000
10000,04/30/1987,OMFGA,OPTIMUM MANUFACTURING INC,-0.23438,0,0.153846
10000,05/01/1987,OMFGA,OPTIMUM MANUFACTURING INC,-0.23438,0,0.000000
10000,05/04/1987,OMFGA,OPTIMUM MANUFACTURING INC,-0.23438,2700,0.000000
10000,05/05/1987,OMFGA,OPTIMUM MANUFACTURING INC,-0.21875,0,-0.066667
10000,05/06/1987,OMFGA,OPTIMUM MANUFACTURING INC,-0.21875,26400,0.000000
10000,05/07/1987,OMFGA,OPTIMUM MANUFACTURING INC,-0.21875,0,0.000000
10000,05/08/1987,OMFGA,OPTIMUM MANUFACTURING INC,-0.21875,0,0.000000
10000,05/11/1987,OMFGA,OPTIMUM MANUFACTURING INC,-0.21875,0,0.000000
10000,05/12/1987,OMFGA,OPTIMUM MANUFACTURING INC,-0.21875,500,0.000000
10000,05/13/1987,OMFGA,OPTIMUM MANUFACTURING INC,-0.21875,0,0.000000
10000,05/14/1987,OMFGA,OPTIMUM MANUFACTURING INC,-0.21875,1000,0.000000
10000,05/15/1987,OMFGA,OPTIMUM MANUFACTURING INC,-0.21875,500,0.000000
10000,05/18/1987,OMFGA,OPTIMUM MANUFACTURING INC,-0.21875,0,0.000000
10000,05/19/1987,OMFGA,OPTIMUM MANUFACTURING INC,-0.21875,0,0.000000
10000,05/20/1987,OMFGA,OPTIMUM MANUFACTURING INC,-0.21875,0,0.000000
10000,05/21/1987,OMFGA,OPTIMUM MANUFACTURING INC,-0.21875,44171,0.000000
10000,05/22/1987,OMFGA,OPTIMUM MANUFACTURING INC,-0.21875,0,0.000000
10000,05/26/1987,OMFGA,OPTIMUM MANUFACTURING INC,-0.21875,6250,0.000000
10000,05/27/1987,OMFGA,OPTIMUM MANUFACTURING INC,-0.21875,0,0.000000
10000,05/28/1987,OMFGA,OPTIMUM MANUFACTURING INC,-0.21875,0,0.000000
10000,05/29/1987,OMFGA,OPTIMUM MANUFACTURING INC,-0.21875,0,0.000000
10000,06/01/1987,OMFGA,OPTIMUM MANUFACTURING INC,-0.21875,0,0.000000
10000,06/02/1987,OMFGA,OPTIMUM MANUFACTURING INC,-0.21875,0,0.000000
10000,06/03/1987,OMFGA,OPTIMUM MANUFACTURING INC,-0.21875,5222,0.000000
10000,06/04/1987,OMFGA,OPTIMUM MANUFACTURING INC,-0.21875,1000,0.000000
10000,06/05/1987,OMFGA,OPTIMUM MANUFACTURING INC,-0.21875,0,0.000000
10000,06/08/1987,OMFGA,OPTIMUM MANUFACTURING INC,-0.21875,0,0.000000
10000,06/09/1987,OMFGA,OPTIMUM MANUFACTURING INC,-0.21875,0,0.000000
10000,06/10/1987,OMFGA,OPTIMUM MANUFACTURING INC,-0.21875,0,0.000000
10000,06/11/1987,OMFGA,OPTIMUM MANUFACTURING INC,-0.21875,500,0.000000
10000,06/12/1987,OMFGA,OPTIMUM MANUFACTURING INC,,,
10001,01/08/1986,,,,,
10001,01/09/1986,GFGC,GREAT FALLS GAS CO,-5.75000,14160,C
10001,01/10/1986,GFGC,GREAT FALLS GAS CO,-5.87500,0,0.021739
10001,01/13/1986,GFGC,GREAT FALLS GAS CO,-5.87500,2805,0.000000
10001,01/14/1986,GFGC,GREAT FALLS GAS CO,-5.87500,2070,0.000000
10001,01/15/1986,GFGC,GREAT FALLS GAS CO,-6.06250,6000,0.031915
10001,01/16/1986,GFGC,GREAT FALLS GAS CO,-6.25000,1500,0.030928
10001,01/17/1986,GFGC,GREAT FALLS GAS CO,-6.25000,7100,0.000000
10001,01/20/1986,GFGC,GREAT FALLS GAS CO,-6.31250,1700,0.010000
10001,01/21/1986,GFGC,GREAT FALLS GAS CO,-6.18750,4000,-0.019802
10001,01/22/1986,GFGC,GREAT FALLS GAS CO,-6.18750,5200,0.000000
10001,01/23/1986,GFGC,GREAT FALLS GAS CO,-6.18750,4100,0.000000
10001,01/24/1986,GFGC,GREAT FALLS GAS CO,-6.18750,1500,0.000000
10001,01/27/1986,GFGC,GREAT FALLS GAS CO,-6.18750,4000,0.000000
10001,01/28/1986,GFGC,GREAT FALLS GAS CO,-6.12500,3500,-0.010101
10001,01/29/1986,GFGC,GREAT FALLS GAS CO,-6.06250,4600,-0.010204
10001,01/30/1986,GFGC,GREAT FALLS GAS CO,-6.06250,3830,0.000000
10001,01/31/1986,GFGC,GREAT FALLS GAS CO,-6.12500,675,0.010309
10001,02/03/1986,GFGC,GREAT FALLS GAS CO,-6.12500,2300,0.000000
10001,02/04/1986,GFGC,GREAT FALLS GAS CO,-6.12500,4200,0.000000
10001,02/05/1986,GFGC,GREAT FALLS GAS CO,-6.12500,1000,0.000000
10001,02/06/1986,GFGC,GREAT FALLS GAS CO,-6.12500,4200,0.000000
10001,02/07/1986,GFGC,GREAT FALLS GAS CO,-6.12500,1800,0.000000
10001,02/10/1986,GFGC,GREAT FALLS GAS CO,-6.18750,100,0.010204
10001,02/11/1986,GFGC,GREAT FALLS GAS CO,-6.31250,1500,0.020202
10001,02/12/1986,GFGC,GREAT FALLS GAS CO,-6.25000,2500,-0.009901
10001,02/13/1986,GFGC,GREAT FALLS GAS CO,-6.25000,1000,0.000000
10001,02/14/1986,GFGC,GREAT FALLS GAS CO,-6.18750,0,-0.010000
10001,02/18/1986,GFGC,GREAT FALLS GAS CO,-6.18750,7000,0.000000
10001,02/19/1986,GFGC,GREAT FALLS GAS CO,-6.25000,5200,0.010101
10001,02/20/1986,GFGC,GREAT FALLS GAS CO,-6.25000,900,0.000000
10001,02/21/1986,GFGC,GREAT FALLS GAS CO,-6.25000,45700,0.000000
10001,02/24/1986,GFGC,GREAT FALLS GAS CO,-6.31250,5000,0.010000
10001,02/25/1986,GFGC,GREAT FALLS GAS CO,-6.31250,5400,0.000000
10001,02/26/1986,GFGC,GREAT FALLS GAS CO,-6.31250,3700,0.000000
10001,02/27/1986,GFGC,GREAT FALLS GAS CO,-6.37500,10200,0.009901
10001,02/28/1986,GFGC,GREAT FALLS GAS CO,-6.25000,5000,-0.019608
10001,03/03/1986,GFGC,GREAT FALLS GAS CO,-6.25000,1000,0.000000
10001,03/04/1986,GFGC,GREAT FALLS GAS CO,-6.25000,1500,0.000000
10001,03/05/1986,GFGC,GREAT FALLS GAS CO,-6.25000,3100,0.000000
10001,03/06/1986,GFGC,GREAT FALLS GAS CO,-6.31250,500,0.010000
10001,03/07/1986,GFGC,GREAT FALLS GAS CO,-6.25000,2000,-0.009901
10001,03/10/1986,GFGC,GREAT FALLS GAS CO,-6.25000,100,0.015200
10001,03/11/1986,GFGC,GREAT FALLS GAS CO,-6.25000,0,0.000000
10001,03/12/1986,GFGC,GREAT FALLS GAS CO,-6.25000,20,0.000000
10001,03/13/1986,GFGC,GREAT FALLS GAS CO,-6.25000,584,0.000000
10001,03/14/1986,GFGC,GREAT FALLS GAS CO,-6.25000,0,0.000000
10001,03/17/1986,GFGC,GREAT FALLS GAS CO,-6.25000,5500,0.000000
10001,03/18/1986,GFGC,GREAT FALLS GAS CO,-6.25000,737,0.000000
10001,03/19/1986,GFGC,GREAT FALLS GAS CO,-6.25000,1800,0.000000
10001,03/20/1986,GFGC,GREAT FALLS GAS CO,-6.25000,5400,0.000000
10001,03/21/1986,GFGC,GREAT FALLS GAS CO,-6.37500,6400,0.020000
10001,03/24/1986,GFGC,GREAT FALLS GAS CO,-6.37500,1400,0.000000
10001,03/25/1986,GFGC,GREAT FALLS GAS CO,-6.31250,1800,-0.009804
10001,03/26/1986,GFGC,GREAT FALLS GAS CO,-6.31250,300,0.000000
10001,03/27/1986,GFGC,GREAT FALLS GAS CO,-6.31250,900,0.000000
10001,03/31/1986,GFGC,GREAT FALLS GAS CO,-6.31250,500,0.000000
10001,04/01/1986,GFGC,GREAT FALLS GAS CO,-6.31250,150,0.000000
10001,04/02/1986,GFGC,GREAT FALLS GAS CO,-6.31250,1500,0.000000
10001,04/03/1986,GFGC,GREAT FALLS GAS CO,-6.31250,400,0.000000
10001,04/04/1986,GFGC,GREAT FALLS GAS CO,-6.31250,1100,0.000000
10001,04/07/1986,GFGC,GREAT FALLS GAS CO,-6.31250,1400,0.000000
10001,04/08/1986,GFGC,GREAT FALLS GAS CO,-6.31250,850,0.000000
10001,04/09/1986,GFGC,GREAT FALLS GAS CO,-6.31250,1520,0.000000
10001,04/10/1986,GFGC,GREAT FALLS GAS CO,-6.31250,400,0.000000
10001,04/11/1986,GFGC,GREAT FALLS GAS CO,-6.31250,900,0.000000
10001,04/14/1986,GFGC,GREAT FALLS GAS CO,-6.31250,400,0.000000
10001,04/15/1986,GFGC,GREAT FALLS GAS CO,-6.31250,200,0.000000
10001,04/16/1986,GFGC,GREAT FALLS GAS CO,-6.31250,1000,0.000000
10001,04/17/1986,GFGC,GREAT FALLS GAS CO,-6.31250,1800,0.000000
10001,04/18/1986,GFGC,GREAT FALLS GAS CO,-6.31250,4150,0.000000
10001,04/21/1986,GFGC,GREAT FALLS GAS CO,-6.37500,1000,0.009901
10001,04/22/1986,GFGC,GREAT FALLS GAS CO,-6.37500,114,0.000000
10001,04/23/1986,GFGC,GREAT FALLS GAS CO,-6.37500,600,0.000000
10001,04/24/1986,GFGC,GREAT FALLS GAS CO,-6.37500,1050,0.000000
10001,04/25/1986,GFGC,GREAT FALLS GAS CO,-6.37500,0,0.000000
10001,04/28/1986,GFGC,GREAT FALLS GAS CO,-6.37500,1000,0.000000
10001,04/29/1986,GFGC,GREAT FALLS GAS CO,-6.37500,2160,0.000000
10001,04/30/1986,GFGC,GREAT FALLS GAS CO,-6.37500,800,0.000000
10001,05/01/1986,GFGC,GREAT FALLS GAS CO,-6.37500,700,0.000000
10001,05/02/1986,GFGC,GREAT FALLS GAS CO,-6.37500,335,0.000000
10001,05/05/1986,GFGC,GREAT FALLS GAS CO,-6.37500,1300,0.000000
10001,05/06/1986,GFGC,GREAT FALLS GAS CO,-6.37500,700,0.000000
10001,05/07/1986,GFGC,GREAT FALLS GAS CO,-6.37500,1200,0.000000
10001,05/08/1986,GFGC,GREAT FALLS GAS CO,-6.37500,900,0.000000
10001,05/09/1986,GFGC,GREAT FALLS GAS CO,-6.37500,1100,0.000000
10001,05/12/1986,GFGC,GREAT FALLS GAS CO,-6.37500,820,0.000000
10001,05/13/1986,GFGC,GREAT FALLS GAS CO,-6.37500,400,0.000000
10001,05/14/1986,GFGC,GREAT FALLS GAS CO,-6.37500,1850,0.000000
10001,05/15/1986,GFGC,GREAT FALLS GAS CO,-6.37500,800,0.000000
10001,05/16/1986,GFGC,GREAT FALLS GAS CO,-6.37500,400,0.000000
10001,05/19/1986,GFGC,GREAT FALLS GAS CO,-6.37500,16,0.000000
10001,05/20/1986,GFGC,GREAT FALLS GAS CO,-6.37500,0,0.000000
10001,05/21/1986,GFGC,GREAT FALLS GAS CO,-6.37500,1000,0.000000
10001,05/22/1986,GFGC,GREAT FALLS GAS CO,-6.31250,915,-0.009804
10001,05/23/1986,GFGC,GREAT FALLS GAS CO,-6.31250,400,0.000000
10001,05/27/1986,GFGC,GREAT FALLS GAS CO,-6.31250,1000,0.000000
10001,05/28/1986,GFGC,GREAT FALLS GAS CO,-6.31250,600,0.000000
10001,05/29/1986,GFGC,GREAT FALLS GAS CO,-6.31250,6180,0.000000
10001,05/30/1986,GFGC,GREAT FALLS GAS CO,-6.31250,1100,0.000000
10001,06/02/1986,GFGC,GREAT FALLS GAS CO,-6.31250,500,0.000000
10001,06/03/1986,GFGC,GREAT FALLS GAS CO,-6.31250,200,0.000000
10001,06/04/1986,GFGC,GREAT FALLS GAS CO,-6.18750,1300,-0.019802
10001,06/05/1986,GFGC,GREAT FALLS GAS CO,-6.18750,1000,0.000000
10001,06/06/1986,GFGC,GREAT FALLS GAS CO,-6.18750,1570,0.000000
10001,06/09/1986,GFGC,GREAT FALLS GAS CO,-6.18750,1050,0.016970
10001,06/10/1986,GFGC,GREAT FALLS GAS CO,-6.18750,330,0.000000
10001,06/11/1986,GFGC,GREAT FALLS GAS CO,-6.18750,1630,0.000000
10001,06/12/1986,GFGC,GREAT FALLS GAS CO,-6.18750,2050,0.000000
10001,06/13/1986,GFGC,GREAT FALLS GAS CO,-6.18750,100,0.000000
10001,06/16/1986,GFGC,GREAT FALLS GAS CO,-6.18750,1600,0.000000
10001,06/17/1986,GFGC,GREAT FALLS GAS CO,-6.18750,2500,0.000000
10001,06/18/1986,GFGC,GREAT FALLS GAS CO,-6.18750,0,0.000000
10001,06/19/1986,GFGC,GREAT FALLS GAS CO,-6.18750,2000,0.000000
10001,06/20/1986,GFGC,GREAT FALLS GAS CO,-6.12500,2656,-0.010101
10001,06/23/1986,GFGC,GREAT FALLS GAS CO,-6.12500,300,0.000000
10001,06/24/1986,GFGC,GREAT FALLS GAS CO,-6.12500,1000,0.000000
10001,06/25/1986,GFGC,GREAT FALLS GAS CO,-6.12500,50,0.000000
10001,06/26/1986,GFGC,GREAT FALLS GAS CO,-6.12500,1590,0.000000
10001,06/27/1986,GFGC,GREAT FALLS GAS CO,-6.12500,2100,0.000000
10001,06/30/1986,GFGC,GREAT FALLS GAS CO,-6.12500,300,0.000000
10001,07/01/1986,GFGC,GREAT FALLS GAS CO,-6.06250,2550,-0.010204
10001,07/02/1986,GFGC,GREAT FALLS GAS CO,-5.87500,6400,-0.030928
10001,07/03/1986,GFGC,GREAT FALLS GAS CO,-5.93750,300,0.010638
10001,07/07/1986,GFGC,GREAT FALLS GAS CO,-5.93750,100,0.000000
10001,07/08/1986,GFGC,GREAT FALLS GAS CO,-5.93750,0,0.000000
10001,07/09/1986,GFGC,GREAT FALLS GAS CO,-5.93750,2900,0.000000
10001,07/10/1986,GFGC,GREAT FALLS GAS CO,-5.93750,1500,0.000000
10001,07/11/1986,GFGC,GREAT FALLS GAS CO,-5.93750,2700,0.000000
10001,07/14/1986,GFGC,GREAT FALLS GAS CO,-5.93750,0,0.000000
10001,07/15/1986,GFGC,GREAT FALLS GAS CO,-5.93750,3665,0.000000
10001,07/16/1986,GFGC,GREAT FALLS GAS CO,-5.93750,5000,0.000000
10001,07/17/1986,GFGC,GREAT FALLS GAS CO,-5.93750,500,0.000000
10001,07/18/1986,GFGC,GREAT FALLS GAS CO,-5.87500,740,-0.010526
10001,07/21/1986,GFGC,GREAT FALLS GAS CO,-5.87500,60,0.000000
10001,07/22/1986,GFGC,GREAT FALLS GAS CO,-5.87500,850,0.000000
10001,07/23/1986,GFGC,GREAT FALLS GAS CO,-5.87500,1525,0.000000
10001,07/24/1986,GFGC,GREAT FALLS GAS CO,-5.87500,575,0.000000
10001,07/25/1986,GFGC,GREAT FALLS GAS CO,-5.81250,2000,-0.010638
10001,07/28/1986,GFGC,GREAT FALLS GAS CO,-5.81250,800,0.000000
10001,07/29/1986,GFGC,GREAT FALLS GAS CO,-5.81250,4400,0.000000
10001,07/30/1986,GFGC,GREAT FALLS GAS CO,-6.06250,4865,0.043011
10001,07/31/1986,GFGC,GREAT FALLS GAS CO,-6.06250,1500,0.000000
10001,08/01/1986,GFGC,GREAT FALLS GAS CO,-6.06250,1500,0.000000
10001,08/04/1986,GFGC,GREAT FALLS GAS CO,-6.06250,900,0.000000
10001,08/05/1986,GFGC,GREAT FALLS GAS CO,-6.06250,40,0.000000
10001,08/06/1986,GFGC,GREAT FALLS GAS CO,-6.06250,1250,0.000000
10001,08/07/1986,GFGC,GREAT FALLS GAS CO,-6.12500,2100,0.010309
10001,08/08/1986,GFGC,GREAT FALLS GAS CO,-6.12500,3600,0.000000
10001,08/11/1986,GFGC,GREAT FALLS GAS CO,-6.12500,2300,0.000000
10001,08/12/1986,GFGC,GREAT FALLS GAS CO,-6.18750,700,0.010204
10001,08/13/1986,GFGC,GREAT FALLS GAS CO,-6.18750,3000,0.000000
10001,08/14/1986,GFGC,GREAT FALLS GAS CO,-6.12500,8800,-0.010101
10001,08/15/1986,GFGC,GREAT FALLS GAS CO,-6.12500,4050,0.000000
10001,08/18/1986,GFGC,GREAT FALLS GAS CO,-6.12500,1700,0.000000
10001,08/19/1986,GFGC,GREAT FALLS GAS CO,-6.12500,3000,0.000000
10001,08/20/1986,GFGC,GREAT FALLS GAS CO,-6.25000,12800,0.020408
10001,08/21/1986,GFGC,GREAT FALLS GAS CO,-6.31250,8200,0.010000
10001,08/22/1986,GFGC,GREAT FALLS GAS CO,-6.37500,6450,0.009901
10001,08/25/1986,GFGC,GREAT FALLS GAS CO,-6.37500,10420,0.000000
10001,08/26/1986,GFGC,GREAT FALLS GAS CO,-6.37500,7934,0.000000
10001,08/27/1986,GFGC,GREAT FALLS GAS CO,-6.43750,7970,0.009804
10001,08/28/1986,GFGC,GREAT FALLS GAS CO,-6.43750,228,0.000000
10001,08/29/1986,GFGC,GREAT FALLS GAS CO,-6.50000,2540,0.009709
10001,09/02/1986,GFGC,GREAT FALLS GAS CO,6.75000,6300,0.038462
10001,09/03/1986,GFGC,GREAT FALLS GAS CO,7.00000,5350,0.037037
10001,09/04/1986,GFGC,GREAT FALLS GAS CO,6.75000,7200,-0.035714
10001,09/05/1986,GFGC,GREAT FALLS GAS CO,6.50000,3940,-0.037037
10001,09/08/1986,GFGC,GREAT FALLS GAS CO,6.75000,1610,0.054615
10001,09/09/1986,GFGC,GREAT FALLS GAS CO,6.37500,1400,-0.055556
10001,09/10/1986,GFGC,GREAT FALLS GAS CO,6.37500,1500,0.000000
10001,09/11/1986,GFGC,GREAT FALLS GAS CO,6.25000,2850,-0.019608
10001,09/12/1986,GFGC,GREAT FALLS GAS CO,-6.50000,0,0.040000
10001,09/15/1986,GFGC,GREAT FALLS GAS CO,6.75000,400,0.038462
10001,09/16/1986,GFGC,GREAT FALLS GAS CO,6.75000,700,0.000000
10001,09/17/1986,GFGC,GREAT FALLS GAS CO,6.75000,100,0.000000
10001,09/18/1986,GFGC,GREAT FALLS GAS CO,6.62500,2500,-0.018519
10001,09/19/1986,GFGC,GREAT FALLS GAS CO,6.37500,200,-0.037736
10001,09/22/1986,GFGC,GREAT FALLS GAS CO,6.25000,900,-0.019608
10001,09/23/1986,GFGC,GREAT FALLS GAS CO,6.25000,420,0.000000
10001,09/24/1986,GFGC,GREAT FALLS GAS CO,6.25000,301,0.000000
10001,09/25/1986,GFGC,GREAT FALLS GAS CO,6.37500,300,0.020000
10001,09/26/1986,GFGC,GREAT FALLS GAS CO,-6.56250,0,0.029412
10001,09/29/1986,GFGC,GREAT FALLS GAS CO,-6.56250,0,0.000000
10001,09/30/1986,GFGC,GREAT FALLS GAS CO,6.37500,600,-0.028571
10001,10/01/1986,GFGC,GREAT FALLS GAS CO,6.75000,1600,0.058824
10001,10/02/1986,GFGC,GREAT FALLS GAS CO,6.37500,5437,-0.055556
10001,10/03/1986,GFGC,GREAT FALLS GAS CO,6.75000,750,0.058824
10001,10/06/1986,GFGC,GREAT FALLS GAS CO,6.75000,181,0.000000
10001,10/07/1986,GFGC,GREAT FALLS GAS CO,6.75000,400,0.000000
10001,10/08/1986,GFGC,GREAT FALLS GAS CO,6.62500,1400,-0.018519
10001,10/09/1986,GFGC,GREAT FALLS GAS CO,6.37500,700,-0.037736
10001,10/10/1986,GFGC,GREAT FALLS GAS CO,6.62500,1300,0.039216
10001,10/13/1986,GFGC,GREAT FALLS GAS CO,6.75000,100,0.018868
10001,10/14/1986,GFGC,GREAT FALLS GAS CO,6.75000,300,0.000000
10001,10/15/1986,GFGC,GREAT FALLS GAS CO,6.75000,1000,0.000000
10001,10/16/1986,GFGC,GREAT FALLS GAS CO,6.75000,300,0.000000
10001,10/17/1986,GFGC,GREAT FALLS GAS CO,-6.56250,0,-0.027778
10001,10/20/1986,GFGC,GREAT FALLS GAS CO,6.37500,400,-0.028571
10001,10/21/1986,GFGC,GREAT FALLS GAS CO,6.75000,100,0.058824
10001,10/22/1986,GFGC,GREAT FALLS GAS CO,7.00000,100,0.037037
10001,10/23/1986,GFGC,GREAT FALLS GAS CO,7.00000,2500,0.000000
10001,10/24/1986,GFGC,GREAT FALLS GAS CO,6.75000,6600,-0.035714
10001,10/27/1986,GFGC,GREAT FALLS GAS CO,7.00000,1100,0.037037
10001,10/28/1986,GFGC,GREAT FALLS GAS CO,7.00000,3115,0.000000
10001,10/29/1986,GFGC,GREAT FALLS GAS CO,6.62500,2500,-0.053571
10001,10/30/1986,GFGC,GREAT FALLS GAS CO,7.00000,3900,0.056604
10001,10/31/1986,GFGC,GREAT FALLS GAS CO,6.62500,2400,-0.053571
10001,11/03/1986,GFGC,GREAT FALLS GAS CO,7.00000,1500,0.056604
10001,11/04/1986,GFGC,GREAT FALLS GAS CO,7.00000,3600,0.000000
10001,11/05/1986,GFGC,GREAT FALLS GAS CO,6.62500,3600,-0.053571
10001,11/06/1986,GFGC,GREAT FALLS GAS CO,7.00000,400,0.056604
10001,11/07/1986,GFGC,GREAT FALLS GAS CO,7.00000,9930,0.000000
10001,11/10/1986,GFGC,GREAT FALLS GAS CO,-6.75000,0,-0.035714
10001,11/11/1986,GFGC,GREAT FALLS GAS CO,-6.75000,0,0.000000
10001,11/12/1986,GFGC,GREAT FALLS GAS CO,6.50000,3020,-0.037037
10001,11/13/1986,GFGC,GREAT FALLS GAS CO,-6.75000,0,0.038462
10001,11/14/1986,GFGC,GREAT FALLS GAS CO,6.75000,700,0.000000
10001,11/17/1986,GFGC,GREAT FALLS GAS CO,7.00000,400,0.037037
10001,11/18/1986,GFGC,GREAT FALLS GAS CO,7.00000,375,0.000000
10001,11/19/1986,GFGC,GREAT FALLS GAS CO,7.00000,2470,0.000000
10001,11/20/1986,GFGC,GREAT FALLS GAS CO,7.00000,1900,0.000000
10001,11/21/1986,GFGC,GREAT FALLS GAS CO,6.62500,1000,-0.053571
10001,11/24/1986,GFGC,GREAT FALLS GAS CO,7.00000,500,0.056604
10001,11/25/1986,GFGC,GREAT FALLS GAS CO,6.87500,1000,-0.017857
10001,11/26/1986,GFGC,GREAT FALLS GAS CO,6.62500,600,-0.036364
10001,11/28/1986,GFGC,GREAT FALLS GAS CO,7.00000,200,0.056604
10001,12/01/1986,GFGC,GREAT FALLS GAS CO,6.62500,200,-0.053571
10001,12/02/1986,GFGC,GREAT FALLS GAS CO,6.62500,2180,0.000000
10001,12/03/1986,GFGC,GREAT FALLS GAS CO,6.75000,400,0.018868
10001,12/04/1986,GFGC,GREAT FALLS GAS CO,6.50000,900,-0.037037
10001,12/05/1986,GFGC,GREAT FALLS GAS CO,6.50000,300,0.000000
10001,12/08/1986,GFGC,GREAT FALLS GAS CO,6.50000,400,0.016154
10001,12/09/1986,GFGC,GREAT FALLS GAS CO,6.62500,2875,0.019231
10001,12/10/1986,GFGC,GREAT FALLS GAS CO,-6.75000,0,0.018868
10001,12/11/1986,GFGC,GREAT FALLS GAS CO,6.50000,1100,-0.037037
10001,12/12/1986,GFGC,GREAT FALLS GAS CO,7.00000,1895,0.076923
10001,12/15/1986,GFGC,GREAT FALLS GAS CO,6.50000,2330,-0.071429
10001,12/16/1986,GFGC,GREAT FALLS GAS CO,7.00000,170,0.076923
10001,12/17/1986,GFGC,GREAT FALLS GAS CO,-6.75000,0,-0.035714
10001,12/18/1986,GFGC,GREAT FALLS GAS CO,7.00000,1500,0.037037
10001,12/19/1986,GFGC,GREAT FALLS GAS CO,-6.75000,0,-0.035714
10001,12/22/1986,GFGC,GREAT FALLS GAS CO,-6.75000,0,0.000000
10001,12/23/1986,GFGC,GREAT FALLS GAS CO,6.62500,2900,-0.018519
10001,12/24/1986,GFGC,GREAT FALLS GAS CO,-6.75000,0,0.018868
10001,12/26/1986,GFGC,GREAT FALLS GAS CO,-6.75000,0,0.000000
10001,12/29/1986,GFGC,GREAT FALLS GAS CO,-6.75000,0,0.000000
10001,12/30/1986,GFGC,GREAT FALLS GAS CO,6.62500,1100,-0.018519
10001,12/31/1986,GFGC,GREAT FALLS GAS CO,7.00000,12990,0.056604
10001,01/02/1987,GFGC,GREAT FALLS GAS CO,6.87500,715,-0.017857
10001,01/05/1987,GFGC,GREAT FALLS GAS CO,6.87500,3180,0.000000
10001,01/06/1987,GFGC,GREAT FALLS GAS CO,6.87500,1900,0.000000
10001,01/07/1987,GFGC,GREAT FALLS GAS CO,6.50000,11487,-0.054545
10001,01/08/1987,GFGC,GREAT FALLS GAS CO,7.00000,1829,0.076923
10001,01/09/1987,GFGC,GREAT FALLS GAS CO,7.00000,600,0.000000
10001,01/12/1987,GFGC,GREAT FALLS GAS CO,7.00000,1842,0.000000
10001,01/13/1987,GFGC,GREAT FALLS GAS CO,-6.75000,0,-0.035714
10001,01/14/1987,GFGC,GREAT FALLS GAS CO,6.75000,1842,0.000000
10001,01/15/1987,GFGC,GREAT FALLS GAS CO,6.75000,2800,0.000000
10001,01/16/1987,GFGC,GREAT FALLS GAS CO,-6.62500,0,-0.018519
10001,01/19/1987,GFGC,GREAT FALLS GAS CO,6.50000,500,-0.018868
10001,01/20/1987,GFGC,GREAT FALLS GAS CO,6.87500,3000,0.057692
10001,01/21/1987,GFGC,GREAT FALLS GAS CO,6.37500,1000,-0.072727
10001,01/22/1987,GFGC,GREAT FALLS GAS CO,6.75000,7200,0.058824
10001,01/23/1987,GFGC,GREAT FALLS GAS CO,-6.62500,0,-0.018519
10001,01/26/1987,GFGC,GREAT FALLS GAS CO,6.37500,300,-0.037736
10001,01/27/1987,GFGC,GREAT FALLS GAS CO,6.37500,1000,0.000000
10001,01/28/1987,GFGC,GREAT FALLS GAS CO,6.62500,400,0.039216
10001,01/29/1987,GFGC,GREAT FALLS GAS CO,6.37500,200,-0.037736
10001,01/30/1987,GFGC,GREAT FALLS GAS CO,6.75000,100,0.058824
10001,02/02/1987,GFGC,GREAT FALLS GAS CO,6.37500,7500,-0.055556
10001,02/03/1987,GFGC,GREAT FALLS GAS CO,6.25000,2000,-0.019608
10001,02/04/1987,GFGC,GREAT FALLS GAS CO,6.25000,1700,0.000000
10001,02/05/1987,GFGC,GREAT FALLS GAS CO,6.75000,3400,0.080000
10001,02/06/1987,GFGC,GREAT FALLS GAS CO,6.50000,3000,-0.037037
10001,02/09/1987,GFGC,GREAT FALLS GAS CO,6.25000,200,-0.038462
10001,02/10/1987,GFGC,GREAT FALLS GAS CO,6.25000,850,0.000000
10001,02/11/1987,GFGC,GREAT FALLS GAS CO,6.62500,1300,0.060000
10001,02/12/1987,GFGC,GREAT FALLS GAS CO,6.37500,3807,-0.037736
10001,02/13/1987,GFGC,GREAT FALLS GAS CO,6.25000,1300,-0.019608
10001,02/17/1987,GFGC,GREAT FALLS GAS CO,6.12500,600,-0.020000
10001,02/18/1987,GFGC,GREAT FALLS GAS CO,6.37500,1900,0.040816
10001,02/19/1987,GFGC,GREAT FALLS GAS CO,6.37500,100,0.000000
10001,02/20/1987,GFGC,GREAT FALLS GAS CO,6.00000,3700,-0.058824
10001,02/23/1987,GFGC,GREAT FALLS GAS CO,6.37500,700,0.062500
10001,02/24/1987,GFGC,GREAT FALLS GAS CO,6.37500,570,0.000000
10001,02/25/1987,GFGC,GREAT FALLS GAS CO,6.37500,100,0.000000
10001,02/26/1987,GFGC,GREAT FALLS GAS CO,6.12500,2100,-0.039216
10001,02/27/1987,GFGC,GREAT FALLS GAS CO,6.25000,1700,0.020408
10001,03/02/1987,GFGC,GREAT FALLS GAS CO,6.12500,3400,-0.020000
10001,03/03/1987,GFGC,GREAT FALLS GAS CO,5.87500,200,-0.040816
10001,03/04/1987,GFGC,GREAT FALLS GAS CO,6.00000,2100,0.021277
10001,03/05/1987,GFGC,GREAT FALLS GAS CO,6.25000,200,0.041667
10001,03/06/1987,GFGC,GREAT FALLS GAS CO,-6.06250,0,-0.030000
10001,03/09/1987,GFGC,GREAT FALLS GAS CO,6.12500,650,0.027629
10001,03/10/1987,GFGC,GREAT FALLS GAS CO,6.25000,335,0.020408
10001,03/11/1987,GFGC,GREAT FALLS GAS CO,-6.06250,0,-0.030000
10001,03/12/1987,GFGC,GREAT FALLS GAS CO,-6.06250,0,0.000000
10001,03/13/1987,GFGC,GREAT FALLS GAS CO,6.25000,1150,0.030928
10001,03/16/1987,GFGC,GREAT FALLS GAS CO,-6.06250,0,-0.030000
10001,03/17/1987,GFGC,GREAT FALLS GAS CO,6.25000,100,0.030928
10001,03/18/1987,GFGC,GREAT FALLS GAS CO,6.25000,100,0.000000
10001,03/19/1987,GFGC,GREAT FALLS GAS CO,5.87500,200,-0.060000
10001,03/20/1987,GFGC,GREAT FALLS GAS CO,-6.06250,0,0.031915
10001,03/23/1987,GFGC,GREAT FALLS GAS CO,-6.06250,0,0.000000
10001,03/24/1987,GFGC,GREAT FALLS GAS CO,6.25000,2200,0.030928
10001,03/25/1987,GFGC,GREAT FALLS GAS CO,5.87500,1500,-0.060000
10001,03/26/1987,GFGC,GREAT FALLS GAS CO,6.25000,1000,0.063830
10001,03/27/1987,GFGC,GREAT FALLS GAS CO,5.87500,3500,-0.060000
10001,03/30/1987,GFGC,GREAT FALLS GAS CO,5.87500,3600,0.000000
10001,03/31/1987,GFGC,GREAT FALLS GAS CO,6.37500,1400,0.085106
10001,04/01/1987,GFGC,GREAT FALLS GAS CO,5.87500,1050,-0.078431
10001,04/02/1987,GFGC,GREAT FALLS GAS CO,-6.12500,0,0.042553
10001,04/03/1987,GFGC,GREAT FALLS GAS CO,6.37500,1220,0.040816
10001,04/06/1987,GFGC,GREAT FALLS GAS CO,5.87500,1100,-0.078431
10001,04/07/1987,GFGC,GREAT FALLS GAS CO,5.87500,1670,0.000000
10001,04/08/1987,GFGC,GREAT FALLS GAS CO,6.37500,236,0.085106
10001,04/09/1987,GFGC,GREAT FALLS GAS CO,5.87500,2450,-0.078431
10001,04/10/1987,GFGC,GREAT FALLS GAS CO,6.00000,5450,0.021277
10001,04/13/1987,GFGC,GREAT FALLS GAS CO,5.87500,200,-0.020833
10001,04/14/1987,GFGC,GREAT FALLS GAS CO,6.37500,300,0.085106
10001,04/15/1987,GFGC,GREAT FALLS GAS CO,6.37500,1100,0.000000
10001,04/16/1987,GFGC,GREAT FALLS GAS CO,6.37500,900,0.000000
10001,04/20/1987,GFGC,GREAT FALLS GAS CO,5.87500,100,-0.078431
10001,04/21/1987,GFGC,GREAT FALLS GAS CO,-6.12500,0,0.042553
10001,04/22/1987,GFGC,GREAT FALLS GAS CO,6.37500,500,0.040816
10001,04/23/1987,GFGC,GREAT FALLS GAS CO,6.37500,400,0.000000
10001,04/24/1987,GFGC,GREAT FALLS GAS CO,5.87500,200,-0.078431
10001,04/27/1987,GFGC,GREAT FALLS GAS CO,-6.12500,0,0.042553
10001,04/28/1987,GFGC,GREAT FALLS GAS CO,5.87500,100,-0.040816
10001,04/29/1987,GFGC,GREAT FALLS GAS CO,5.87500,1800,0.000000
10001,04/30/1987,GFGC,GREAT FALLS GAS CO,-6.12500,0,0.042553
10001,05/01/1987,GFGC,GREAT FALLS GAS CO,-6.12500,0,0.000000
10001,05/04/1987,GFGC,GREAT FALLS GAS CO,5.87500,180,-0.040816
10001,05/05/1987,GFGC,GREAT FALLS GAS CO,5.87500,3600,0.000000
10001,05/06/1987,GFGC,GREAT FALLS GAS CO,6.25000,100,0.063830
10001,05/07/1987,GFGC,GREAT FALLS GAS CO,5.75000,2800,-0.080000
10001,05/08/1987,GFGC,GREAT FALLS GAS CO,5.75000,2300,0.000000
10001,05/11/1987,GFGC,GREAT FALLS GAS CO,6.25000,2400,0.086957
10001,05/12/1987,GFGC,GREAT FALLS GAS CO,5.87500,1005,-0.060000
10001,05/13/1987,GFGC,GREAT FALLS GAS CO,6.25000,1200,0.063830
10001,05/14/1987,GFGC,GREAT FALLS GAS CO,-6.00000,0,-0.040000
10001,05/15/1987,GFGC,GREAT FALLS GAS CO,5.75000,2777,-0.041667
10001,05/18/1987,GFGC,GREAT FALLS GAS CO,-5.75000,0,0.000000
10001,05/19/1987,GFGC,GREAT FALLS GAS CO,5.75000,400,0.000000
10001,05/20/1987,GFGC,GREAT FALLS GAS CO,5.50000,1000,-0.043478
10001,05/21/1987,GFGC,GREAT FALLS GAS CO,-5.75000,0,0.045455
10001,05/22/1987,GFGC,GREAT FALLS GAS CO,-5.75000,0,0.000000
10001,05/26/1987,GFGC,GREAT FALLS GAS CO,-5.75000,0,0.000000
10001,05/27/1987,GFGC,GREAT FALLS GAS CO,5.50000,1800,-0.043478
10001,05/28/1987,GFGC,GREAT FALLS GAS CO,5.87500,1530,0.068182
10001,05/29/1987,GFGC,GREAT FALLS GAS CO,-5.68750,0,-0.031915
10001,06/01/1987,GFGC,GREAT FALLS GAS CO,5.87500,600,0.032967
10001,06/02/1987,GFGC,GREAT FALLS GAS CO,5.87500,100,0.000000
10001,06/03/1987,GFGC,GREAT FALLS GAS CO,5.87500,100,0.000000
10001,06/04/1987,GFGC,GREAT FALLS GAS CO,5.87500,600,0.000000
10001,06/05/1987,GFGC,GREAT FALLS GAS CO,5.87500,5175,0.000000
10001,06/08/1987,GFGC,GREAT FALLS GAS CO,5.50000,600,-0.045957
10001,06/09/1987,GFGC,GREAT FALLS GAS CO,5.62500,600,0.022727
10001,06/10/1987,GFGC,GREAT FALLS GAS CO,5.87500,100,0.044444
10001,06/11/1987,GFGC,GREAT FALLS GAS CO,5.50000,800,-0.063830
10001,06/12/1987,GFGC,GREAT FALLS GAS CO,-5.68750,0,0.034091
10001,06/15/1987,GFGC,GREAT FALLS GAS CO,6.00000,1200,0.054945
10001,06/16/1987,GFGC,GREAT FALLS GAS CO,5.87500,500,-0.020833
10001,06/17/1987,GFGC,GREAT FALLS GAS CO,-5.75000,0,-0.021277
10001,06/18/1987,GFGC,GREAT FALLS GAS CO,6.00000,250,0.043478
10001,06/19/1987,GFGC,GREAT FALLS GAS CO,5.50000,600,-0.083333
10001,06/22/1987,GFGC,GREAT FALLS GAS CO,6.00000,200,0.090909
10001,06/23/1987,GFGC,GREAT FALLS GAS CO,-5.75000,0,-0.041667
10001,06/24/1987,GFGC,GREAT FALLS GAS CO,-5.75000,0,0.000000
10001,06/25/1987,GFGC,GREAT FALLS GAS CO,-5.75000,0,0.000000
10001,06/26/1987,GFGC,GREAT FALLS GAS CO,5.50000,200,-0.043478
10001,06/29/1987,GFGC,GREAT FALLS GAS CO,5.50000,700,0.000000
10001,06/30/1987,GFGC,GREAT FALLS GAS CO,5.87500,2300,0.068182
10001,07/01/1987,GFGC,GREAT FALLS GAS CO,6.00000,600,0.021277
10001,07/02/1987,GFGC,GREAT FALLS GAS CO,-5.75000,0,-0.041667
10001,07/06/1987,GFGC,GREAT FALLS GAS CO,5.75000,1700,0.000000
10001,07/07/1987,GFGC,GREAT FALLS GAS CO,-5.75000,0,0.000000
10001,07/08/1987,GFGC,GREAT FALLS GAS CO,5.75000,900,0.000000
10001,07/09/1987,GFGC,GREAT FALLS GAS CO,5.50000,1000,-0.043478
10001,07/10/1987,GFGC,GREAT FALLS GAS CO,5.75000,800,0.045455
10001,07/13/1987,GFGC,GREAT FALLS GAS CO,6.00000,150,0.043478
10001,07/14/1987,GFGC,GREAT FALLS GAS CO,5.75000,800,-0.041667
10001,07/15/1987,GFGC,GREAT FALLS GAS CO,5.75000,400,0.000000
10001,07/16/1987,GFGC,GREAT FALLS GAS CO,5.87500,2000,0.021739
10001,07/17/1987,GFGC,GREAT FALLS GAS CO,6.00000,1200,0.021277
10001,07/20/1987,GFGC,GREAT FALLS GAS CO,5.75000,270,-0.041667
10001,07/21/1987,GFGC,GREAT FALLS GAS CO,5.75000,1650,0.000000
10001,07/22/1987,GFGC,GREAT FALLS GAS CO,6.00000,600,0.043478
10001,07/23/1987,GFGC,GREAT FALLS GAS CO,6.00000,700,0.000000
10001,07/24/1987,GFGC,GREAT FALLS GAS CO,5.87500,2450,-0.020833
10001,07/27/1987,GFGC,GREAT FALLS GAS CO,-6.00000,0,0.021277
10001,07/28/1987,GFGC,GREAT FALLS GAS CO,5.75000,1000,-0.041667
10001,07/29/1987,GFGC,GREAT FALLS GAS CO,5.87500,2200,0.021739
10001,07/30/1987,GFGC,GREAT FALLS GAS CO,6.00000,2100,0.021277
10001,07/31/1987,GFGC,GREAT FALLS GAS CO,6.00000,1000,0.000000
10001,08/03/1987,GFGC,GREAT FALLS GAS CO,6.12500,1100,0.020833
10001,08/04/1987,GFGC,GREAT FALLS GAS CO,6.00000,1075,-0.020408
10001,08/05/1987,GFGC,GREAT FALLS GAS CO,6.25000,1225,0.041667
10001,08/06/1987,GFGC,GREAT FALLS GAS CO,-6.25000,0,0.000000
10001,08/07/1987,GFGC,GREAT FALLS GAS CO,6.00000,1041,-0.040000
10001,08/10/1987,GFGC,GREAT FALLS GAS CO,6.00000,2000,0.000000
10001,08/11/1987,GFGC,GREAT FALLS GAS CO,6.50000,1260,0.083333
10001,08/12/1987,GFGC,GREAT FALLS GAS CO,6.00000,4200,-0.076923
10001,08/13/1987,GFGC,GREAT FALLS GAS CO,-6.25000,0,0.041667
10001,08/14/1987,GFGC,GREAT FALLS GAS CO,6.50000,100,0.040000
10001,08/17/1987,GFGC,GREAT FALLS GAS CO,6.50000,2000,0.000000
10001,08/18/1987,GFGC,GREAT FALLS GAS CO,6.00000,3100,-0.076923
10001,08/19/1987,GFGC,GREAT FALLS GAS CO,6.25000,6500,0.041667
10001,08/20/1987,GFGC,GREAT FALLS GAS CO,6.50000,1000,0.040000
10001,08/21/1987,GFGC,GREAT FALLS GAS CO,-6.25000,0,-0.038462
10001,08/24/1987,GFGC,GREAT FALLS GAS CO,6.50000,400,0.040000
10001,08/25/1987,GFGC,GREAT FALLS GAS CO,6.00000,1900,-0.076923
10001,08/26/1987,GFGC,GREAT FALLS GAS CO,6.50000,1000,0.083333
10001,08/27/1987,GFGC,GREAT FALLS GAS CO,6.50000,100,0.000000
10001,08/28/1987,GFGC,GREAT FALLS GAS CO,6.25000,2600,-0.038462
10001,08/31/1987,GFGC,GREAT FALLS GAS CO,6.50000,800,0.040000
10001,09/01/1987,GFGC,GREAT FALLS GAS CO,6.00000,150,-0.076923
10001,09/02/1987,GFGC,GREAT FALLS GAS CO,6.00000,700,0.000000
10001,09/03/1987,GFGC,GREAT FALLS GAS CO,-6.25000,0,0.041667
10001,09/04/1987,GFGC,GREAT FALLS GAS CO,6.00000,400,-0.023200
10001,09/08/1987,GFGC,GREAT FALLS GAS CO,-6.25000,0,0.041667
10001,09/09/1987,GFGC,GREAT FALLS GAS CO,6.50000,1125,0.040000
10001,09/10/1987,GFGC,GREAT FALLS GAS CO,6.25000,800,-0.038462
10001,09/11/1987,GFGC,GREAT FALLS GAS CO,6.50000,300,0.040000
10001,09/14/1987,GFGC,GREAT FALLS GAS CO,6.12500,100,-0.057692
10001,09/15/1987,GFGC,GREAT FALLS GAS CO,6.50000,240,0.061224
10001,09/16/1987,GFGC,GREAT FALLS GAS CO,6.50000,5000,0.000000
10001,09/17/1987,GFGC,GREAT FALLS GAS CO,6.12500,530,-0.057692
10001,09/18/1987,GFGC,GREAT FALLS GAS CO,-6.25000,0,0.020408
10001,09/21/1987,GFGC,GREAT FALLS GAS CO,6.00000,15200,-0.040000
10001,09/22/1987,GFGC,GREAT FALLS GAS CO,6.00000,3000,0.000000
10001,09/23/1987,GFGC,GREAT FALLS GAS CO,6.37500,200,0.062500
10001,09/24/1987,GFGC,GREAT FALLS GAS CO,6.25000,15000,-0.019608
10001,09/25/1987,GFGC,GREAT FALLS GAS CO,6.37500,100,0.020000
10001,09/28/1987,GFGC,GREAT FALLS GAS CO,6.00000,1000,-0.058824
10001,09/29/1987,GFGC,GREAT FALLS GAS CO,6.37500,1000,0.062500
10001,09/30/1987,GFGC,GREAT FALLS GAS CO,6.25000,1300,-0.019608
10001,10/01/1987,GFGC,GREAT FALLS GAS CO,6.00000,300,-0.040000
10001,10/02/1987,GFGC,GREAT FALLS GAS CO,6.12500,2700,0.020833
10001,10/05/1987,GFGC,GREAT FALLS GAS CO,-6.18750,0,0.010204
10001,10/06/1987,GFGC,GREAT FALLS GAS CO,6.12500,5456,-0.010101
10001,10/07/1987,GFGC,GREAT FALLS GAS CO,6.12500,550,0.000000
10001,10/08/1987,GFGC,GREAT FALLS GAS CO,6.12500,3000,0.000000
10001,10/09/1987,GFGC,GREAT FALLS GAS CO,6.12500,200,0.000000
10001,10/12/1987,GFGC,GREAT FALLS GAS CO,6.25000,7430,0.020408
10001,10/13/1987,GFGC,GREAT FALLS GAS CO,6.37500,10000,0.020000
10001,10/14/1987,GFGC,GREAT FALLS GAS CO,6.50000,3900,0.019608
10001,10/15/1987,GFGC,GREAT FALLS GAS CO,6.25000,1200,-0.038462
10001,10/16/1987,GFGC,GREAT FALLS GAS CO,6.25000,4000,0.000000
10001,10/19/1987,GFGC,GREAT FALLS GAS CO,6.12500,2600,-0.020000
10001,10/20/1987,GFGC,GREAT FALLS GAS CO,6.00000,5000,-0.020408
10001,10/21/1987,GFGC,GREAT FALLS GAS CO,5.87500,300,-0.020833
10001,10/22/1987,GFGC,GREAT FALLS GAS CO,5.87500,1600,0.000000
10001,10/23/1987,GFGC,GREAT FALLS GAS CO,5.87500,1398,0.000000
10001,10/26/1987,GFGC,GREAT FALLS GAS CO,5.87500,1000,0.000000
10001,10/27/1987,GFGC,GREAT FALLS GAS CO,5.87500,400,0.000000
10001,10/28/1987,GFGC,GREAT FALLS GAS CO,6.37500,3400,0.085106
10001,10/29/1987,GFGC,GREAT FALLS GAS CO,5.87500,300,-0.078431
10001,10/30/1987,GFGC,GREAT FALLS GAS CO,6.37500,300,0.085106
10001,11/02/1987,GFGC,GREAT FALLS GAS CO,5.87500,400,-0.078431
10001,11/03/1987,GFGC,GREAT FALLS GAS CO,6.37500,100,0.085106
10001,11/04/1987,GFGC,GREAT FALLS GAS CO,6.00000,1150,-0.058824
10001,11/05/1987,GFGC,GREAT FALLS GAS CO,6.00000,900,0.000000
10001,11/06/1987,GFGC,GREAT FALLS GAS CO,6.00000,3550,0.000000
10001,11/09/1987,GFGC,GREAT FALLS GAS CO,-6.18750,0,0.031250
10001,11/10/1987,GFGC,GREAT FALLS GAS CO,-6.18750,0,0.000000
10001,11/11/1987,GFGC,GREAT FALLS GAS CO,6.37500,100,0.030303
10001,11/12/1987,GFGC,GREAT FALLS GAS CO,-6.18750,0,-0.029412
10001,11/13/1987,GFGC,GREAT FALLS GAS CO,-6.18750,0,0.000000
10001,11/16/1987,GFGC,GREAT FALLS GAS CO,6.00000,500,-0.030303
10001,11/17/1987,GFGC,GREAT FALLS GAS CO,-6.18750,0,0.031250
10001,11/18/1987,GFGC,GREAT FALLS GAS CO,6.37500,100,0.030303
10001,11/19/1987,GFGC,GREAT FALLS GAS CO,6.37500,1100,0.000000
10001,11/20/1987,GFGC,GREAT FALLS GAS CO,-6.18750,0,-0.029412
10001,11/23/1987,GFGC,GREAT FALLS GAS CO,6.37500,200,0.030303
10001,11/24/1987,GFGC,GREAT FALLS GAS CO,-6.18750,0,-0.029412
10001,11/25/1987,GFGC,GREAT FALLS GAS CO,6.00000,1500,-0.030303
10001,11/27/1987,GFGC,GREAT FALLS GAS CO,6.00000,65000,0.000000
10001,11/30/1987,GFGC,GREAT FALLS GAS CO,6.18750,7600,0.031250
10001,12/01/1987,GFGC,GREAT FALLS GAS CO,6.25000,69095,0.010101
10001,12/02/1987,GFGC,GREAT FALLS GAS CO,6.00000,100,-0.040000
10001,12/03/1987,GFGC,GREAT FALLS GAS CO,-6.18750,0,0.031250
10001,12/04/1987,GFGC,GREAT FALLS GAS CO,6.00000,400,-0.030303
10001,12/07/1987,GFGC,GREAT FALLS GAS CO,5.87500,2000,-0.003333
10001,12/08/1987,GFGC,GREAT FALLS GAS CO,-6.06250,0,0.031915
10001,12/09/1987,GFGC,GREAT FALLS GAS CO,-6.06250,0,0.000000
10001,12/10/1987,GFGC,GREAT FALLS GAS CO,6.00000,320,-0.010309
10001,12/11/1987,GFGC,GREAT FALLS GAS CO,6.25000,300,0.041667
10001,12/14/1987,GFGC,GREAT FALLS GAS CO,6.25000,500,0.000000
10001,12/15/1987,GFGC,GREAT FALLS GAS CO,5.87500,1160,-0.060000
10001,12/16/1987,GFGC,GREAT FALLS GAS CO,5.87500,300,0.000000
10001,12/17/1987,GFGC,GREAT FALLS GAS CO,5.93750,1260,0.010638
10001,12/18/1987,GFGC,GREAT FALLS GAS CO,6.25000,400,0.052632
10001,12/21/1987,GFGC,GREAT FALLS GAS CO,6.25000,100,0.000000
10001,12/22/1987,GFGC,GREAT FALLS GAS CO,6.37500,300,0.020000
10001,12/23/1987,GFGC,GREAT FALLS GAS CO,6.37500,1000,0.000000
10001,12/24/1987,GFGC,GREAT FALLS GAS CO,-6.12500,0,-0.039216
10001,12/28/1987,GFGC,GREAT FALLS GAS CO,-6.12500,0,0.000000
10001,12/29/1987,GFGC,GREAT FALLS GAS CO,6.12500,3200,0.000000
10001,12/30/1987,GFGC,GREAT FALLS GAS CO,-6.12500,0,0.000000
10001,12/31/1987,GFGC,GREAT FALLS GAS CO,5.87500,15550,-0.040816
10001,01/04/1988,GFGC,GREAT FALLS GAS CO,5.87500,3200,0.000000
10001,01/05/1988,GFGC,GREAT FALLS GAS CO,6.37500,100,0.085106
10001,01/06/1988,GFGC,GREAT FALLS GAS CO,6.25000,500,-0.019608
10001,01/07/1988,GFGC,GREAT FALLS GAS CO,5.87500,400,-0.060000
10001,01/08/1988,GFGC,GREAT FALLS GAS CO,5.87500,1000,0.000000
10001,01/11/1988,GFGC,GREAT FALLS GAS CO,6.00000,1000,0.021277
10001,01/12/1988,GFGC,GREAT FALLS GAS CO,-6.18750,0,0.031250
10001,01/13/1988,GFGC,GREAT FALLS GAS CO,-6.18750,0,0.000000
10001,01/14/1988,GFGC,GREAT FALLS GAS CO,-6.18750,0,0.000000
10001,01/15/1988,GFGC,GREAT FALLS GAS CO,6.25000,5600,0.010101
10001,01/18/1988,GFGC,GREAT FALLS GAS CO,-6.18750,0,-0.010000
10001,01/19/1988,GFGC,GREAT FALLS GAS CO,6.00000,300,-0.030303
10001,01/20/1988,GFGC,GREAT FALLS GAS CO,-6.25000,0,0.041667
10001,01/21/1988,GFGC,GREAT FALLS GAS CO,6.25000,33000,0.000000
10001,01/22/1988,GFGC,GREAT FALLS GAS CO,-6.31250,0,0.010000
10001,01/25/1988,GFGC,GREAT FALLS GAS CO,6.25000,500,-0.009901
10001,01/26/1988,GFGC,GREAT FALLS GAS CO,6.25000,450,0.000000
10001,01/27/1988,GFGC,GREAT FALLS GAS CO,6.25000,800,0.000000
10001,01/28/1988,GFGC,GREAT FALLS GAS CO,6.25000,1050,0.000000
10001,01/29/1988,GFGC,GREAT FALLS GAS CO,6.25000,1134,0.000000
10001,02/01/1988,GFGC,GREAT FALLS GAS CO,6.50000,100,0.040000
10001,02/02/1988,GFGC,GREAT FALLS GAS CO,6.25000,500,-0.038462
10001,02/03/1988,GFGC,GREAT FALLS GAS CO,6.50000,2115,0.040000
10001,02/04/1988,GFGC,GREAT FALLS GAS CO,6.25000,2125,-0.038462
10001,02/05/1988,GFGC,GREAT FALLS GAS CO,6.50000,1500,0.040000
10001,02/08/1988,GFGC,GREAT FALLS GAS CO,6.25000,500,-0.038462
10001,02/09/1988,GFGC,GREAT FALLS GAS CO,6.37500,7000,0.020000
10001,02/10/1988,GFGC,GREAT FALLS GAS CO,6.50000,3700,0.019608
10001,02/11/1988,GFGC,GREAT FALLS GAS CO,6.50000,300,0.000000
10001,02/12/1988,GFGC,GREAT FALLS GAS CO,6.37500,1400,-0.019231
10001,02/16/1988,GFGC,GREAT FALLS GAS CO,6.25000,3900,-0.019608
10001,02/17/1988,GFGC,GREAT FALLS GAS CO,6.62500,1800,0.060000
10001,02/18/1988,GFGC,GREAT FALLS GAS CO,-6.50000,0,-0.018868
10001,02/19/1988,GFGC,GREAT FALLS GAS CO,-6.50000,0,0.000000
10001,02/22/1988,GFGC,GREAT FALLS GAS CO,6.25000,1150,-0.038462
10001,02/23/1988,GFGC,GREAT FALLS GAS CO,6.50000,1210,0.040000
10001,02/24/1988,GFGC,GREAT FALLS GAS CO,6.50000,1280,0.000000
10001,02/25/1988,GFGC,GREAT FALLS GAS CO,6.25000,950,-0.038462
10001,02/26/1988,GFGC,GREAT FALLS GAS CO,-6.50000,0,0.040000
10001,02/29/1988,GFGC,GREAT FALLS GAS CO,6.75000,8700,0.038462
10001,03/01/1988,GFGC,GREAT FALLS GAS CO,6.25000,6880,-0.074074
10001,03/02/1988,GFGC,GREAT FALLS GAS CO,6.62500,1150,0.060000
10001,03/03/1988,GFGC,GREAT FALLS GAS CO,6.25000,200,-0.056604
10001,03/04/1988,GFGC,GREAT FALLS GAS CO,-6.50000,0,0.040000
10001,03/07/1988,GFGC,GREAT FALLS GAS CO,-6.37500,0,-0.002308
10001,03/08/1988,GFGC,GREAT FALLS GAS CO,-6.37500,0,0.000000
10001,03/09/1988,GFGC,GREAT FALLS GAS CO,6.62500,1600,0.039216
10001,03/10/1988,GFGC,GREAT FALLS GAS CO,6.12500,200,-0.075472
10001,03/11/1988,GFGC,GREAT FALLS GAS CO,-6.37500,0,0.040816
10001,03/14/1988,GFGC,GREAT FALLS GAS CO,6.62500,1300,0.039216
10001,03/15/1988,GFGC,GREAT FALLS GAS CO,-6.37500,0,-0.037736
10001,03/16/1988,GFGC,GREAT FALLS GAS CO,-6.37500,0,0.000000
10001,03/17/1988,GFGC,GREAT FALLS GAS CO,6.12500,585,-0.039216
10001,03/18/1988,GFGC,GREAT FALLS GAS CO,6.25000,16950,0.020408
10001,03/21/1988,GFGC,GREAT FALLS GAS CO,-6.37500,0,0.020000
10001,03/22/1988,GFGC,GREAT FALLS GAS CO,6.12500,200,-0.039216
10001,03/23/1988,GFGC,GREAT FALLS GAS CO,6.12500,1000,0.000000
10001,03/24/1988,GFGC,GREAT FALLS GAS CO,-6.37500,0,0.040816
10001,03/25/1988,GFGC,GREAT FALLS GAS CO,-6.37500,0,0.000000
10001,03/28/1988,GFGC,GREAT FALLS GAS CO,6.12500,1101,-0.039216
10001,03/29/1988,GFGC,GREAT FALLS GAS CO,6.12500,3700,0.000000
10001,03/30/1988,GFGC,GREAT FALLS GAS CO,-6.37500,0,0.040816
10001,03/31/1988,GFGC,GREAT FALLS GAS CO,6.12500,2000,-0.039216
10001,04/04/1988,GFGC,GREAT FALLS GAS CO,6.62500,200,0.081633
10001,04/05/1988,GFGC,GREAT FALLS GAS CO,-6.37500,0,-0.037736
10001,04/06/1988,GFGC,GREAT FALLS GAS CO,-6.37500,0,0.000000
10001,04/07/1988,GFGC,GREAT FALLS GAS CO,-6.37500,0,0.000000
10001,04/08/1988,GFGC,GREAT FALLS GAS CO,-6.37500,0,0.000000
10001,04/11/1988,GFGC,GREAT FALLS GAS CO,6.12500,850,-0.039216
10001,04/12/1988,GFGC,GREAT FALLS GAS CO,6.12500,100,0.000000
10001,04/13/1988,GFGC,GREAT FALLS GAS CO,6.62500,650,0.081633
10001,04/14/1988,GFGC,GREAT FALLS GAS CO,6.12500,1000,-0.075472
10001,04/15/1988,GFGC,GREAT FALLS GAS CO,6.62500,300,0.081633
10001,04/18/1988,GFGC,GREAT FALLS GAS CO,-6.37500,0,-0.037736
10001,04/19/1988,GFGC,GREAT FALLS GAS CO,6.62500,400,0.039216
10001,04/20/1988,GFGC,GREAT FALLS GAS CO,6.62500,2400,0.000000
10001,04/21/1988,GFGC,GREAT FALLS GAS CO,6.12500,500,-0.075472
10001,04/22/1988,GFGC,GREAT FALLS GAS CO,6.62500,2450,0.081633
10001,04/25/1988,GFGC,GREAT FALLS GAS CO,6.62500,2100,0.000000
10001,04/26/1988,GFGC,GREAT FALLS GAS CO,6.62500,530,0.000000
10001,04/27/1988,GFGC,GREAT FALLS GAS CO,-6.31250,0,-0.047170
10001,04/28/1988,GFGC,GREAT FALLS GAS CO,6.12500,600,-0.029703
10001,04/29/1988,GFGC,GREAT FALLS GAS CO,-6.31250,0,0.030612
10001,05/02/1988,GFGC,GREAT FALLS GAS CO,6.50000,500,0.029703
10001,05/03/1988,GFGC,GREAT FALLS GAS CO,-6.31250,0,-0.028846
10001,05/04/1988,GFGC,GREAT FALLS GAS CO,6.12500,2000,-0.029703
10001,05/05/1988,GFGC,GREAT FALLS GAS CO,6.12500,100,0.000000
10001,05/06/1988,GFGC,GREAT FALLS GAS CO,-6.31250,0,0.030612
10001,05/09/1988,GFGC,GREAT FALLS GAS CO,-6.31250,0,0.000000
10001,05/10/1988,GFGC,GREAT FALLS GAS CO,6.12500,200,-0.029703
10001,05/11/1988,GFGC,GREAT FALLS GAS CO,6.12500,200,0.000000
10001,05/12/1988,GFGC,GREAT FALLS GAS CO,-6.31250,0,0.030612
10001,05/13/1988,GFGC,GREAT FALLS GAS CO,6.12500,900,-0.029703
10001,05/16/1988,GFGC,GREAT FALLS GAS CO,6.50000,1100,0.061224
10001,05/17/1988,GFGC,GREAT FALLS GAS CO,6.12500,250,-0.057692
10001,05/18/1988,GFGC,GREAT FALLS GAS CO,6.37500,4750,0.040816
10001,05/19/1988,GFGC,GREAT FALLS GAS CO,6.62500,100,0.039216
10001,05/20/1988,GFGC,GREAT FALLS GAS CO,-6.37500,0,-0.037736
10001,05/23/1988,GFGC,GREAT FALLS GAS CO,6.62500,100,0.039216
10001,05/24/1988,GFGC,GREAT FALLS GAS CO,-6.43750,0,-0.028302
10001,05/25/1988,GFGC,GREAT FALLS GAS CO,-6.43750,0,0.000000
10001,05/26/1988,GFGC,GREAT FALLS GAS CO,-6.43750,0,0.000000
10001,05/27/1988,GFGC,GREAT FALLS GAS CO,-6.43750,0,0.000000
10001,05/31/1988,GFGC,GREAT FALLS GAS CO,-6.43750,0,0.000000
10001,06/01/1988,GFGC,GREAT FALLS GAS CO,6.37500,1000,-0.009709
10001,06/02/1988,GFGC,GREAT FALLS GAS CO,-6.50000,0,0.019608
10001,06/03/1988,GFGC,GREAT FALLS GAS CO,6.25000,500,-0.038462
10001,06/06/1988,GFGC,GREAT FALLS GAS CO,6.25000,600,0.000000
10001,06/07/1988,GFGC,GREAT FALLS GAS CO,6.25000,700,0.017600
10001,06/08/1988,GFGC,GREAT FALLS GAS CO,6.25000,900,0.000000
10001,06/09/1988,GFGC,GREAT FALLS GAS CO,6.25000,300,0.000000
10001,06/10/1988,GFGC,GREAT FALLS GAS CO,6.75000,250,0.080000
10001,06/13/1988,GFGC,GREAT FALLS GAS CO,-6.50000,0,-0.037037
10001,06/14/1988,GFGC,GREAT FALLS GAS CO,-6.50000,0,0.000000
10001,06/15/1988,GFGC,GREAT FALLS GAS CO,6.75000,300,0.038462
10001,06/16/1988,GFGC,GREAT FALLS GAS CO,6.75000,500,0.000000
10001,06/17/1988,GFGC,GREAT FALLS GAS CO,-6.50000,0,-0.037037
10001,06/20/1988,GFGC,GREAT FALLS GAS CO,-6.50000,0,0.000000
10001,06/21/1988,GFGC,GREAT FALLS GAS CO,-6.50000,0,0.000000
10001,06/22/1988,GFGC,GREAT FALLS GAS CO,-6.50000,0,0.000000
10001,06/23/1988,GFGC,GREAT FALLS GAS CO,6.37500,3230,-0.019231
10001,06/24/1988,GFGC,GREAT FALLS GAS CO,6.75000,3750,0.058824
10001,06/27/1988,GFGC,GREAT FALLS GAS CO,6.37500,3000,-0.055556
10001,06/28/1988,GFGC,GREAT FALLS GAS CO,-6.50000,0,0.019608
10001,06/29/1988,GFGC,GREAT FALLS GAS CO,-6.50000,0,0.000000
10001,06/30/1988,GFGC,GREAT FALLS GAS CO,6.25000,250,-0.038462
10001,07/01/1988,GFGC,GREAT FALLS GAS CO,6.62500,1200,0.060000
10001,07/05/1988,GFGC,GREAT FALLS GAS CO,-6.50000,0,-0.018868
10001,07/06/1988,GFGC,GREAT FALLS GAS CO,6.75000,1050,0.038462
10001,07/07/1988,GFGC,GREAT FALLS GAS CO,-6.50000,0,-0.037037
10001,07/08/1988,GFGC,GREAT FALLS GAS CO,-6.50000,0,0.000000
10001,07/11/1988,GFGC,GREAT FALLS GAS CO,6.25000,100,-0.038462
10001,07/12/1988,GFGC,GREAT FALLS GAS CO,6.25000,300,0.000000
